leto,station_id,tip,n_dni
2006,1612,1.0,365
2006,1613,1.0,335
2006,1614,3.0,365
2006,1622,1.0,365
2006,1624,1.0,365
2006,1625,1.0,365
2006,1626,1.0,365
2006,1627,1.0,365
2006,1628,1.0,365
2006,1635,1.0,365
2006,1636,1.0,365
2006,1637,1.0,365
2006,1639,1.0,365
2006,1641,1.0,365
2006,1642,1.0,365
2006,1644,1.0,365
2006,1648,1.0,365
2006,1649,1.0,365
2006,1650,1.0,365
2006,1651,1.0,365
2006,1652,1.0,365
2006,1653,1.0,365
2006,1654,2.0,365
2006,1655,1.0,365
2006,1656,1.0,365
2006,1657,1.0,365
2006,1659,1.0,365
2006,1661,1.0,365
2006,1662,1.0,365
2006,1663,1.0,365
2006,1664,1.0,365
2006,1665,1.0,365
2006,1668,1.0,365
2006,1669,2.0,365
2006,1670,1.0,365
2006,1672,1.0,365
2006,1673,1.0,365
2006,1674,1.0,365
2006,1675,1.0,365
2006,1677,1.0,365
2006,1678,1.0,365
2006,1681,1.0,365
2006,1683,1.0,275
2006,1686,3.0,365
2006,1688,1.0,365
2006,1689,1.0,365
2006,1690,1.0,365
2006,1691,1.0,365
2006,1694,2.0,365
2006,1695,1.0,365
2006,1698,1.0,365
2006,1700,2.0,365
2006,1702,1.0,365
2006,1704,1.0,365
2006,1707,1.0,365
2006,1710,1.0,365
2006,1712,1.0,365
2006,1713,1.0,365
2006,1714,1.0,365
2006,1715,1.0,365
2006,1716,1.0,365
2006,1717,1.0,365
2006,1718,1.0,365
2006,1720,1.0,365
2006,1721,1.0,365
2006,1723,1.0,365
2006,1724,1.0,365
2006,1726,2.0,365
2006,1728,1.0,365
2006,1729,1.0,365
2006,1730,1.0,365
2006,1733,1.0,365
2006,1734,1.0,365
2006,1735,2.0,365
2006,1736,1.0,365
2006,1737,1.0,365
2006,1738,1.0,365
2006,1745,1.0,365
2006,1747,1.0,365
2006,1748,1.0,365
2006,1749,1.0,365
2006,1750,1.0,365
2006,1753,1.0,365
2006,1754,1.0,365
2006,1756,1.0,365
2006,1761,2.0,365
2006,1762,1.0,365
2006,1763,1.0,365
2006,1764,1.0,365
2006,1765,3.0,365
2006,1770,1.0,365
2006,1773,1.0,365
2006,1774,1.0,365
2006,1775,1.0,365
2006,1777,1.0,365
2006,1779,1.0,365
2006,1780,1.0,365
2006,1781,1.0,365
2006,1782,1.0,365
2006,1785,1.0,365
2006,1786,2.0,365
2006,1787,1.0,365
2006,1788,1.0,365
2006,1790,1.0,365
2006,1792,1.0,365
2006,1793,3.0,365
2006,1798,1.0,365
2006,1799,1.0,365
2006,1800,3.0,365
2006,1801,1.0,365
2006,1803,1.0,365
2006,1804,1.0,365
2006,1805,1.0,365
2006,1808,2.0,365
2006,1809,1.0,365
2006,1811,1.0,365
2006,1812,1.0,359
2006,1814,1.0,365
2006,1816,1.0,365
2006,1817,1.0,365
2006,1818,1.0,365
2006,1890,3.0,365
2006,1893,3.0,365
2006,1894,3.0,365
2006,1895,3.0,365
2006,1896,3.0,365
2006,1897,3.0,365
2006,1898,3.0,365
2006,1899,3.0,365
2006,1900,3.0,365
2006,1902,3.0,365
2006,1922,2.0,365
2006,1923,3.0,365
2006,2198,1.0,365
2006,2212,1.0,335
2006,2214,2.0,365
2006,2287,1.0,365
2006,2295,3.0,365
2006,2300,1.0,365
2006,2302,1.0,365
2006,2332,1.0,365
2006,2336,1.0,122
2006,2339,1.0,365
2006,2362,1.0,365
2006,3039,1.0,365
2006,381,1.0,365
2006,4794,1.0,365
2007,1612,1.0,364
2007,1613,1.0,364
2007,1614,3.0,364
2007,1622,1.0,364
2007,1624,1.0,364
2007,1625,1.0,364
2007,1626,1.0,364
2007,1627,1.0,364
2007,1628,1.0,364
2007,1635,1.0,364
2007,1636,1.0,364
2007,1637,1.0,364
2007,1639,1.0,364
2007,1641,1.0,364
2007,1642,1.0,333
2007,1644,1.0,364
2007,1648,1.0,364
2007,1649,1.0,364
2007,1650,1.0,364
2007,1651,1.0,364
2007,1652,1.0,364
2007,1653,1.0,364
2007,1654,2.0,364
2007,1655,1.0,364
2007,1656,1.0,364
2007,1657,1.0,364
2007,1659,1.0,364
2007,1661,1.0,364
2007,1662,1.0,364
2007,1663,1.0,364
2007,1664,1.0,364
2007,1665,1.0,364
2007,1668,1.0,364
2007,1669,2.0,364
2007,1670,1.0,364
2007,1672,1.0,364
2007,1673,1.0,364
2007,1674,1.0,364
2007,1675,1.0,364
2007,1677,1.0,364
2007,1678,1.0,364
2007,1681,1.0,364
2007,1683,1.0,364
2007,1686,3.0,364
2007,1688,1.0,364
2007,1689,1.0,364
2007,1690,1.0,364
2007,1691,1.0,364
2007,1694,2.0,364
2007,1695,1.0,364
2007,1698,1.0,364
2007,1700,2.0,364
2007,1702,1.0,364
2007,1704,1.0,364
2007,1707,1.0,364
2007,1710,1.0,364
2007,1712,1.0,364
2007,1713,1.0,364
2007,1714,1.0,364
2007,1715,1.0,364
2007,1716,1.0,364
2007,1717,1.0,364
2007,1718,1.0,364
2007,1720,1.0,364
2007,1721,1.0,364
2007,1723,1.0,364
2007,1724,1.0,364
2007,1726,2.0,364
2007,1728,1.0,364
2007,1729,1.0,364
2007,1730,1.0,364
2007,1733,1.0,364
2007,1734,1.0,364
2007,1735,2.0,364
2007,1736,1.0,364
2007,1737,1.0,364
2007,1738,1.0,364
2007,1745,1.0,364
2007,1747,1.0,364
2007,1748,1.0,364
2007,1749,1.0,364
2007,1750,1.0,364
2007,1753,1.0,364
2007,1754,1.0,364
2007,1756,1.0,364
2007,1761,2.0,364
2007,1762,1.0,364
2007,1763,1.0,364
2007,1764,1.0,364
2007,1765,3.0,364
2007,1770,1.0,364
2007,1773,1.0,364
2007,1774,1.0,364
2007,1775,1.0,364
2007,1777,1.0,364
2007,1779,1.0,364
2007,1780,1.0,364
2007,1781,1.0,364
2007,1782,1.0,364
2007,1785,1.0,364
2007,1786,2.0,364
2007,1787,1.0,364
2007,1788,1.0,364
2007,1790,1.0,364
2007,1792,1.0,364
2007,1793,3.0,364
2007,1798,1.0,364
2007,1799,1.0,364
2007,1800,3.0,364
2007,1801,1.0,364
2007,1803,1.0,364
2007,1804,1.0,364
2007,1805,1.0,364
2007,1808,2.0,364
2007,1809,1.0,364
2007,1811,1.0,364
2007,1812,1.0,364
2007,1814,1.0,364
2007,1816,1.0,364
2007,1817,1.0,364
2007,1818,1.0,364
2007,1889,1.0,244
2007,1890,3.0,364
2007,1893,3.0,364
2007,1894,3.0,364
2007,1895,3.0,364
2007,1896,3.0,364
2007,1897,3.0,364
2007,1898,3.0,364
2007,1899,3.0,364
2007,1900,3.0,364
2007,1902,3.0,364
2007,1922,2.0,364
2007,1923,3.0,364
2007,2198,1.0,364
2007,2212,1.0,364
2007,2214,2.0,364
2007,2287,1.0,364
2007,2295,3.0,364
2007,2300,1.0,364
2007,2302,1.0,364
2007,2332,1.0,364
2007,2336,1.0,364
2007,2339,1.0,364
2007,2362,1.0,364
2007,2375,2.0,364
2007,2383,1.0,214
2007,2384,1.0,184
2007,2452,1.0,153
2007,2454,1.0,194
2007,2469,1.0,18
2007,3039,1.0,364
2007,381,1.0,364
2007,4794,1.0,364
2008,1612,1.0,366
2008,1613,1.0,366
2008,1614,3.0,366
2008,1622,1.0,366
2008,1624,1.0,366
2008,1625,1.0,366
2008,1626,1.0,366
2008,1627,1.0,366
2008,1628,1.0,366
2008,1635,1.0,366
2008,1636,1.0,366
2008,1637,1.0,366
2008,1639,1.0,366
2008,1641,1.0,366
2008,1642,1.0,366
2008,1644,1.0,366
2008,1648,1.0,366
2008,1649,1.0,366
2008,1650,1.0,366
2008,1651,1.0,366
2008,1652,1.0,366
2008,1653,1.0,366
2008,1654,2.0,366
2008,1655,1.0,366
2008,1656,1.0,366
2008,1657,1.0,366
2008,1659,1.0,366
2008,1661,1.0,366
2008,1662,1.0,366
2008,1663,1.0,366
2008,1664,1.0,366
2008,1665,1.0,366
2008,1668,1.0,366
2008,1669,2.0,366
2008,1670,1.0,366
2008,1672,1.0,366
2008,1673,1.0,366
2008,1674,1.0,366
2008,1675,1.0,366
2008,1677,1.0,366
2008,1678,1.0,366
2008,1681,1.0,366
2008,1683,1.0,366
2008,1686,3.0,366
2008,1688,1.0,366
2008,1689,1.0,366
2008,1690,1.0,366
2008,1691,1.0,366
2008,1694,2.0,366
2008,1695,1.0,366
2008,1698,1.0,366
2008,1700,2.0,366
2008,1702,1.0,366
2008,1704,1.0,366
2008,1707,1.0,366
2008,1710,1.0,366
2008,1712,1.0,366
2008,1713,1.0,366
2008,1714,1.0,366
2008,1715,1.0,366
2008,1716,1.0,366
2008,1717,1.0,366
2008,1718,1.0,366
2008,1720,1.0,366
2008,1721,1.0,366
2008,1723,1.0,366
2008,1724,1.0,366
2008,1726,2.0,366
2008,1728,1.0,366
2008,1729,1.0,366
2008,1730,1.0,366
2008,1733,1.0,366
2008,1734,1.0,366
2008,1735,2.0,366
2008,1736,1.0,366
2008,1737,1.0,366
2008,1738,1.0,366
2008,1745,1.0,366
2008,1747,1.0,366
2008,1748,1.0,366
2008,1749,1.0,366
2008,1750,1.0,366
2008,1753,1.0,366
2008,1754,1.0,366
2008,1756,1.0,366
2008,1758,1.0,335
2008,1761,2.0,366
2008,1762,1.0,366
2008,1763,1.0,366
2008,1764,1.0,366
2008,1765,3.0,366
2008,1770,1.0,366
2008,1773,1.0,366
2008,1774,1.0,366
2008,1775,1.0,366
2008,1777,1.0,366
2008,1779,1.0,366
2008,1780,1.0,366
2008,1781,1.0,366
2008,1782,1.0,366
2008,1785,1.0,366
2008,1786,2.0,366
2008,1787,1.0,366
2008,1788,1.0,366
2008,1790,1.0,366
2008,1792,1.0,366
2008,1793,3.0,366
2008,1798,1.0,366
2008,1799,1.0,366
2008,1800,3.0,366
2008,1801,1.0,366
2008,1803,1.0,366
2008,1804,1.0,366
2008,1805,1.0,366
2008,1808,2.0,366
2008,1809,1.0,366
2008,1811,1.0,366
2008,1812,1.0,366
2008,1814,1.0,366
2008,1816,1.0,366
2008,1817,1.0,366
2008,1818,1.0,366
2008,1889,1.0,366
2008,1890,3.0,366
2008,1893,3.0,366
2008,1894,3.0,366
2008,1895,3.0,366
2008,1896,3.0,366
2008,1897,3.0,366
2008,1898,3.0,366
2008,1899,3.0,366
2008,1900,3.0,366
2008,1902,3.0,366
2008,1922,2.0,366
2008,1923,3.0,366
2008,2198,1.0,366
2008,2212,1.0,366
2008,2214,2.0,366
2008,2287,1.0,366
2008,2295,3.0,366
2008,2300,1.0,366
2008,2302,1.0,366
2008,2332,1.0,366
2008,2336,1.0,366
2008,2339,1.0,366
2008,2362,1.0,366
2008,2375,2.0,366
2008,2383,1.0,366
2008,2384,1.0,366
2008,2452,1.0,366
2008,2454,1.0,366
2008,2469,1.0,366
2008,2470,1.0,349
2008,2478,2.0,261
2008,2482,3.0,287
2008,2492,3.0,214
2008,2508,2.0,51
2008,3039,1.0,366
2008,381,1.0,366
2008,43,1.0,366
2008,4794,1.0,366
2009,1612,1.0,364
2009,1613,1.0,364
2009,1614,3.0,364
2009,1622,1.0,364
2009,1624,1.0,364
2009,1625,1.0,364
2009,1626,1.0,364
2009,1627,1.0,364
2009,1628,1.0,364
2009,1635,1.0,364
2009,1636,1.0,364
2009,1637,1.0,364
2009,1639,1.0,364
2009,1641,1.0,364
2009,1642,1.0,364
2009,1644,1.0,364
2009,1648,1.0,364
2009,1649,1.0,364
2009,1650,1.0,364
2009,1651,1.0,364
2009,1652,1.0,364
2009,1653,1.0,364
2009,1654,2.0,364
2009,1655,1.0,364
2009,1656,1.0,364
2009,1657,1.0,364
2009,1659,1.0,364
2009,1661,1.0,364
2009,1662,1.0,364
2009,1663,1.0,364
2009,1664,1.0,364
2009,1665,1.0,364
2009,1668,1.0,364
2009,1669,2.0,364
2009,1670,1.0,364
2009,1672,1.0,364
2009,1673,1.0,364
2009,1674,1.0,364
2009,1675,1.0,364
2009,1677,1.0,364
2009,1678,1.0,364
2009,1681,1.0,364
2009,1683,1.0,364
2009,1686,3.0,364
2009,1688,1.0,364
2009,1689,1.0,364
2009,1690,1.0,364
2009,1691,1.0,364
2009,1694,2.0,364
2009,1695,1.0,364
2009,1698,1.0,364
2009,1700,2.0,364
2009,1702,1.0,364
2009,1704,1.0,364
2009,1707,1.0,364
2009,1710,1.0,364
2009,1712,1.0,364
2009,1713,1.0,364
2009,1714,1.0,364
2009,1715,1.0,364
2009,1716,1.0,364
2009,1717,1.0,364
2009,1718,1.0,364
2009,1720,1.0,364
2009,1721,1.0,364
2009,1723,1.0,364
2009,1724,1.0,364
2009,1726,2.0,364
2009,1728,1.0,364
2009,1729,1.0,364
2009,1730,1.0,364
2009,1733,1.0,364
2009,1734,1.0,364
2009,1735,2.0,364
2009,1736,1.0,364
2009,1737,1.0,364
2009,1738,1.0,364
2009,1745,1.0,364
2009,1747,1.0,364
2009,1748,1.0,364
2009,1749,1.0,364
2009,1750,1.0,364
2009,1752,1.0,360
2009,1753,1.0,364
2009,1754,1.0,364
2009,1756,1.0,364
2009,1758,1.0,364
2009,1761,2.0,364
2009,1762,1.0,364
2009,1763,1.0,364
2009,1764,1.0,364
2009,1765,3.0,364
2009,1770,1.0,364
2009,1773,1.0,364
2009,1774,1.0,364
2009,1775,1.0,364
2009,1777,1.0,364
2009,1779,1.0,364
2009,1780,1.0,364
2009,1781,1.0,364
2009,1782,1.0,364
2009,1785,1.0,364
2009,1786,2.0,364
2009,1787,1.0,364
2009,1788,1.0,364
2009,1790,1.0,364
2009,1792,1.0,364
2009,1793,3.0,364
2009,1798,1.0,364
2009,1799,1.0,364
2009,1800,3.0,364
2009,1801,1.0,364
2009,1803,1.0,364
2009,1804,1.0,364
2009,1805,1.0,364
2009,1808,2.0,364
2009,1809,1.0,364
2009,1811,1.0,364
2009,1812,1.0,364
2009,1814,1.0,364
2009,1816,1.0,364
2009,1817,1.0,364
2009,1818,1.0,364
2009,1889,1.0,364
2009,1890,3.0,364
2009,1893,3.0,364
2009,1894,3.0,364
2009,1895,3.0,364
2009,1896,3.0,364
2009,1897,3.0,364
2009,1898,3.0,364
2009,1899,3.0,364
2009,1900,3.0,364
2009,1902,3.0,364
2009,1922,2.0,364
2009,1923,3.0,364
2009,2198,1.0,364
2009,2212,1.0,364
2009,2214,2.0,364
2009,2287,1.0,364
2009,2295,3.0,364
2009,2300,1.0,364
2009,2302,1.0,364
2009,2332,1.0,364
2009,2336,1.0,364
2009,2339,1.0,364
2009,2362,1.0,364
2009,2375,2.0,364
2009,2383,1.0,364
2009,2384,1.0,364
2009,2452,1.0,364
2009,2454,1.0,364
2009,2469,1.0,364
2009,2470,1.0,364
2009,2478,2.0,364
2009,2482,3.0,364
2009,2492,3.0,364
2009,2508,2.0,364
2009,2665,1.0,274
2009,3039,1.0,364
2009,3314,1.0,91
2009,381,1.0,364
2009,43,1.0,364
2009,4794,1.0,364
2010,1612,1.0,365
2010,1613,1.0,365
2010,1614,3.0,365
2010,1622,1.0,365
2010,1624,1.0,365
2010,1625,1.0,365
2010,1626,1.0,365
2010,1627,1.0,365
2010,1628,1.0,365
2010,1635,1.0,365
2010,1636,1.0,365
2010,1637,1.0,365
2010,1639,1.0,365
2010,1641,1.0,365
2010,1642,1.0,365
2010,1644,1.0,365
2010,1648,1.0,365
2010,1649,1.0,365
2010,1650,1.0,365
2010,1651,1.0,365
2010,1652,1.0,365
2010,1653,1.0,365
2010,1654,2.0,365
2010,1655,1.0,365
2010,1656,1.0,365
2010,1657,1.0,365
2010,1659,1.0,365
2010,1661,1.0,365
2010,1662,1.0,365
2010,1663,1.0,365
2010,1664,1.0,365
2010,1665,1.0,365
2010,1668,1.0,365
2010,1669,2.0,365
2010,1670,1.0,365
2010,1672,1.0,365
2010,1673,1.0,365
2010,1674,1.0,365
2010,1675,1.0,365
2010,1677,1.0,365
2010,1678,1.0,365
2010,1681,1.0,365
2010,1683,1.0,365
2010,1686,3.0,365
2010,1688,1.0,365
2010,1689,1.0,365
2010,1690,1.0,365
2010,1691,1.0,365
2010,1694,2.0,365
2010,1695,1.0,365
2010,1698,1.0,365
2010,1700,2.0,365
2010,1702,1.0,365
2010,1704,1.0,365
2010,1707,1.0,365
2010,1710,1.0,365
2010,1712,1.0,365
2010,1713,1.0,365
2010,1714,1.0,365
2010,1715,1.0,365
2010,1716,1.0,365
2010,1717,1.0,365
2010,1718,1.0,365
2010,1720,1.0,365
2010,1721,1.0,365
2010,1723,1.0,365
2010,1724,1.0,365
2010,1726,2.0,365
2010,1728,1.0,365
2010,1729,1.0,365
2010,1730,1.0,365
2010,1733,1.0,365
2010,1734,1.0,365
2010,1735,2.0,365
2010,1736,1.0,365
2010,1737,1.0,365
2010,1738,1.0,365
2010,1745,1.0,365
2010,1747,1.0,365
2010,1748,1.0,365
2010,1749,1.0,365
2010,1750,1.0,365
2010,1752,1.0,365
2010,1753,1.0,365
2010,1754,1.0,365
2010,1756,1.0,365
2010,1758,1.0,365
2010,1761,2.0,365
2010,1762,1.0,365
2010,1763,1.0,365
2010,1764,1.0,365
2010,1765,3.0,365
2010,1770,1.0,365
2010,1773,1.0,365
2010,1774,1.0,365
2010,1775,1.0,365
2010,1777,1.0,365
2010,1779,1.0,365
2010,1780,1.0,365
2010,1781,1.0,365
2010,1782,1.0,365
2010,1785,1.0,365
2010,1786,2.0,365
2010,1787,1.0,365
2010,1788,1.0,365
2010,1790,1.0,365
2010,1792,1.0,365
2010,1793,3.0,365
2010,1798,1.0,365
2010,1799,1.0,365
2010,1800,3.0,365
2010,1801,1.0,365
2010,1803,1.0,365
2010,1804,1.0,365
2010,1805,1.0,365
2010,1808,2.0,365
2010,1809,1.0,365
2010,1811,1.0,365
2010,1812,1.0,365
2010,1814,1.0,365
2010,1816,1.0,365
2010,1817,1.0,365
2010,1818,1.0,365
2010,1889,1.0,365
2010,1890,3.0,365
2010,1893,3.0,365
2010,1894,3.0,365
2010,1895,3.0,365
2010,1896,3.0,365
2010,1897,3.0,365
2010,1898,3.0,365
2010,1899,3.0,365
2010,1900,3.0,365
2010,1902,3.0,365
2010,1922,2.0,365
2010,1923,3.0,365
2010,2198,1.0,365
2010,2212,1.0,365
2010,2214,2.0,365
2010,2253,3.0,218
2010,2287,1.0,365
2010,2295,3.0,365
2010,2300,1.0,365
2010,2302,1.0,365
2010,2332,1.0,365
2010,2336,1.0,365
2010,2339,1.0,365
2010,2353,1.0,214
2010,2362,1.0,365
2010,2375,2.0,365
2010,2383,1.0,365
2010,2384,1.0,365
2010,2452,1.0,365
2010,2454,1.0,365
2010,2469,1.0,365
2010,2470,1.0,365
2010,2478,2.0,365
2010,2482,3.0,365
2010,2492,3.0,365
2010,2508,2.0,365
2010,2665,1.0,365
2010,3039,1.0,365
2010,3314,1.0,365
2010,381,1.0,365
2010,43,1.0,365
2010,4794,1.0,365
2011,1612,1.0,365
2011,1613,1.0,365
2011,1614,3.0,365
2011,1622,1.0,365
2011,1624,1.0,365
2011,1625,1.0,365
2011,1626,1.0,365
2011,1627,1.0,365
2011,1628,1.0,365
2011,1635,1.0,365
2011,1636,1.0,365
2011,1637,1.0,365
2011,1639,1.0,365
2011,1641,1.0,365
2011,1642,1.0,365
2011,1644,1.0,365
2011,1648,1.0,365
2011,1649,1.0,365
2011,1650,1.0,365
2011,1651,1.0,365
2011,1652,1.0,365
2011,1653,1.0,365
2011,1654,2.0,365
2011,1655,1.0,365
2011,1656,1.0,365
2011,1657,1.0,365
2011,1659,1.0,365
2011,1661,1.0,365
2011,1662,1.0,365
2011,1663,1.0,365
2011,1664,1.0,365
2011,1665,1.0,365
2011,1668,1.0,365
2011,1669,2.0,365
2011,1670,1.0,365
2011,1672,1.0,365
2011,1673,1.0,365
2011,1674,1.0,365
2011,1675,1.0,365
2011,1677,1.0,365
2011,1678,1.0,365
2011,1681,1.0,365
2011,1683,1.0,365
2011,1686,3.0,365
2011,1688,1.0,365
2011,1689,1.0,365
2011,1690,1.0,365
2011,1691,1.0,365
2011,1694,2.0,365
2011,1695,1.0,365
2011,1698,1.0,365
2011,1700,2.0,365
2011,1702,1.0,365
2011,1704,1.0,365
2011,1707,1.0,365
2011,1710,1.0,365
2011,1712,1.0,365
2011,1713,1.0,365
2011,1714,1.0,365
2011,1715,1.0,365
2011,1716,1.0,365
2011,1717,1.0,365
2011,1718,1.0,365
2011,1720,1.0,365
2011,1721,1.0,365
2011,1723,1.0,365
2011,1724,1.0,365
2011,1726,2.0,365
2011,1728,1.0,365
2011,1729,1.0,365
2011,1730,1.0,365
2011,1733,1.0,365
2011,1734,1.0,365
2011,1735,2.0,365
2011,1736,1.0,365
2011,1737,1.0,365
2011,1738,1.0,365
2011,1745,1.0,365
2011,1747,1.0,365
2011,1748,1.0,365
2011,1749,1.0,365
2011,1750,1.0,365
2011,1752,1.0,365
2011,1753,1.0,365
2011,1754,1.0,365
2011,1756,1.0,365
2011,1758,1.0,365
2011,1761,2.0,365
2011,1762,1.0,365
2011,1763,1.0,365
2011,1764,1.0,365
2011,1765,3.0,365
2011,1770,1.0,365
2011,1773,1.0,365
2011,1774,1.0,365
2011,1775,1.0,365
2011,1777,1.0,365
2011,1779,1.0,365
2011,1780,1.0,365
2011,1781,1.0,365
2011,1782,1.0,365
2011,1785,1.0,365
2011,1786,2.0,365
2011,1787,1.0,365
2011,1788,1.0,365
2011,1790,1.0,365
2011,1792,1.0,365
2011,1793,3.0,365
2011,1798,1.0,365
2011,1799,1.0,365
2011,1800,3.0,365
2011,1801,1.0,365
2011,1803,1.0,365
2011,1804,1.0,365
2011,1805,1.0,365
2011,1808,2.0,365
2011,1809,1.0,365
2011,1811,1.0,365
2011,1812,1.0,365
2011,1814,1.0,365
2011,1816,1.0,365
2011,1817,1.0,365
2011,1818,1.0,365
2011,1889,1.0,365
2011,1890,3.0,365
2011,1893,3.0,365
2011,1894,3.0,365
2011,1895,3.0,365
2011,1896,3.0,365
2011,1897,3.0,365
2011,1898,3.0,365
2011,1899,3.0,365
2011,1900,3.0,365
2011,1902,3.0,365
2011,1922,2.0,365
2011,1923,3.0,365
2011,2198,1.0,365
2011,2212,1.0,365
2011,2214,2.0,365
2011,2253,3.0,365
2011,2287,1.0,365
2011,2295,3.0,365
2011,2300,1.0,365
2011,2302,1.0,365
2011,2310,1.0,212
2011,2332,1.0,365
2011,2336,1.0,365
2011,2339,1.0,365
2011,2353,1.0,365
2011,2362,1.0,365
2011,2375,2.0,365
2011,2383,1.0,365
2011,2384,1.0,365
2011,2452,1.0,365
2011,2454,1.0,365
2011,2469,1.0,365
2011,2470,1.0,365
2011,2478,2.0,365
2011,2482,3.0,365
2011,2492,3.0,365
2011,2508,2.0,365
2011,2535,1.0,365
2011,2580,1.0,184
2011,2600,1.0,92
2011,2665,1.0,365
2011,3039,1.0,365
2011,3314,1.0,365
2011,381,1.0,365
2011,43,1.0,365
2011,4718,1.0,92
2011,4794,1.0,365
2012,1612,1.0,365
2012,1613,1.0,365
2012,1614,3.0,365
2012,1622,1.0,365
2012,1624,1.0,365
2012,1625,1.0,365
2012,1626,1.0,365
2012,1627,1.0,365
2012,1628,1.0,365
2012,1635,1.0,365
2012,1636,1.0,365
2012,1637,1.0,365
2012,1639,1.0,365
2012,1641,1.0,365
2012,1642,1.0,365
2012,1644,1.0,365
2012,1648,1.0,365
2012,1649,1.0,365
2012,1650,1.0,365
2012,1651,1.0,365
2012,1652,1.0,365
2012,1653,1.0,365
2012,1654,2.0,365
2012,1655,1.0,365
2012,1656,1.0,365
2012,1657,1.0,365
2012,1659,1.0,365
2012,1661,1.0,365
2012,1662,1.0,365
2012,1663,1.0,365
2012,1664,1.0,365
2012,1665,1.0,365
2012,1668,1.0,365
2012,1669,2.0,365
2012,1670,1.0,365
2012,1672,1.0,365
2012,1673,1.0,365
2012,1674,1.0,365
2012,1675,1.0,365
2012,1677,1.0,365
2012,1678,1.0,365
2012,1681,1.0,365
2012,1683,1.0,365
2012,1686,3.0,365
2012,1688,1.0,365
2012,1689,1.0,365
2012,1690,1.0,365
2012,1691,1.0,365
2012,1694,2.0,365
2012,1695,1.0,365
2012,1698,1.0,365
2012,1700,2.0,365
2012,1702,1.0,365
2012,1704,1.0,365
2012,1707,1.0,365
2012,1710,1.0,365
2012,1712,1.0,365
2012,1713,1.0,365
2012,1714,1.0,365
2012,1715,1.0,365
2012,1716,1.0,365
2012,1717,1.0,365
2012,1718,1.0,334
2012,1720,1.0,365
2012,1721,1.0,365
2012,1723,1.0,365
2012,1724,1.0,365
2012,1726,2.0,365
2012,1728,1.0,365
2012,1729,1.0,365
2012,1730,1.0,365
2012,1733,1.0,365
2012,1734,1.0,365
2012,1735,2.0,365
2012,1736,1.0,365
2012,1737,1.0,365
2012,1738,1.0,365
2012,1745,1.0,365
2012,1747,1.0,365
2012,1748,1.0,365
2012,1749,1.0,365
2012,1750,1.0,365
2012,1752,1.0,365
2012,1753,1.0,365
2012,1754,1.0,365
2012,1756,1.0,365
2012,1758,1.0,365
2012,1761,2.0,365
2012,1762,1.0,365
2012,1763,1.0,365
2012,1764,1.0,365
2012,1765,3.0,365
2012,1770,1.0,365
2012,1773,1.0,365
2012,1774,1.0,365
2012,1775,1.0,365
2012,1777,1.0,365
2012,1779,1.0,365
2012,1780,1.0,365
2012,1781,1.0,365
2012,1782,1.0,365
2012,1785,1.0,365
2012,1786,2.0,365
2012,1787,1.0,365
2012,1788,1.0,365
2012,1790,1.0,365
2012,1792,1.0,365
2012,1793,3.0,365
2012,1798,1.0,365
2012,1799,1.0,365
2012,1800,3.0,365
2012,1801,1.0,365
2012,1803,1.0,336
2012,1804,1.0,365
2012,1805,1.0,365
2012,1808,2.0,365
2012,1809,1.0,365
2012,1811,1.0,364
2012,1812,1.0,365
2012,1814,1.0,365
2012,1816,1.0,365
2012,1817,1.0,365
2012,1818,1.0,365
2012,1889,1.0,365
2012,1890,3.0,365
2012,1893,3.0,365
2012,1894,3.0,365
2012,1895,3.0,365
2012,1896,3.0,365
2012,1897,3.0,365
2012,1898,3.0,365
2012,1899,3.0,365
2012,1900,3.0,365
2012,1902,3.0,365
2012,1922,2.0,365
2012,1923,3.0,365
2012,2198,1.0,365
2012,2212,1.0,365
2012,2214,2.0,365
2012,2253,3.0,365
2012,2287,1.0,365
2012,2295,3.0,365
2012,2300,1.0,365
2012,2302,1.0,365
2012,2310,1.0,365
2012,2332,1.0,365
2012,2336,1.0,365
2012,2339,1.0,365
2012,2353,1.0,365
2012,2362,1.0,365
2012,2375,2.0,365
2012,2383,1.0,365
2012,2384,1.0,365
2012,2452,1.0,365
2012,2454,1.0,365
2012,2469,1.0,365
2012,2470,1.0,365
2012,2478,2.0,365
2012,2482,3.0,365
2012,2492,3.0,365
2012,2508,2.0,365
2012,2535,1.0,365
2012,2580,1.0,365
2012,2600,1.0,365
2012,2665,1.0,365
2012,3039,1.0,365
2012,3314,1.0,365
2012,381,1.0,365
2012,43,1.0,365
2012,4718,1.0,365
2012,4794,1.0,365
2013,1612,1.0,365
2013,1613,1.0,365
2013,1614,3.0,365
2013,1622,1.0,365
2013,1624,1.0,365
2013,1625,1.0,365
2013,1626,1.0,365
2013,1627,1.0,365
2013,1628,1.0,365
2013,1635,1.0,365
2013,1636,1.0,365
2013,1637,1.0,365
2013,1639,1.0,365
2013,1641,1.0,365
2013,1642,1.0,365
2013,1644,1.0,365
2013,1648,1.0,365
2013,1649,1.0,365
2013,1650,1.0,365
2013,1651,1.0,365
2013,1652,1.0,365
2013,1653,1.0,365
2013,1654,2.0,365
2013,1655,1.0,365
2013,1656,1.0,365
2013,1657,1.0,365
2013,1659,1.0,365
2013,1661,1.0,365
2013,1662,1.0,365
2013,1663,1.0,365
2013,1664,1.0,365
2013,1665,1.0,365
2013,1668,1.0,365
2013,1669,2.0,365
2013,1670,1.0,365
2013,1672,1.0,365
2013,1673,1.0,365
2013,1674,1.0,365
2013,1675,1.0,365
2013,1677,1.0,365
2013,1678,1.0,365
2013,1681,1.0,365
2013,1683,1.0,365
2013,1686,3.0,365
2013,1688,1.0,365
2013,1689,1.0,365
2013,1690,1.0,365
2013,1691,1.0,365
2013,1694,2.0,365
2013,1695,1.0,365
2013,1698,1.0,365
2013,1700,2.0,365
2013,1702,1.0,365
2013,1704,1.0,365
2013,1707,1.0,365
2013,1710,1.0,365
2013,1712,1.0,365
2013,1713,1.0,365
2013,1714,1.0,365
2013,1715,1.0,365
2013,1716,1.0,365
2013,1717,1.0,365
2013,1718,1.0,365
2013,1720,1.0,365
2013,1721,1.0,365
2013,1723,1.0,365
2013,1724,1.0,365
2013,1726,2.0,365
2013,1728,1.0,365
2013,1729,1.0,365
2013,1730,1.0,365
2013,1733,1.0,365
2013,1734,1.0,365
2013,1735,2.0,365
2013,1736,1.0,365
2013,1737,1.0,365
2013,1738,1.0,365
2013,1745,1.0,365
2013,1747,1.0,365
2013,1748,1.0,365
2013,1749,1.0,365
2013,1750,1.0,365
2013,1752,1.0,365
2013,1753,1.0,365
2013,1754,1.0,365
2013,1756,1.0,365
2013,1758,1.0,365
2013,1761,2.0,365
2013,1762,1.0,365
2013,1763,1.0,365
2013,1764,1.0,365
2013,1765,3.0,365
2013,1770,1.0,365
2013,1773,1.0,365
2013,1774,1.0,365
2013,1775,1.0,365
2013,1777,1.0,365
2013,1779,1.0,365
2013,1780,1.0,365
2013,1781,1.0,365
2013,1782,1.0,365
2013,1785,1.0,365
2013,1786,2.0,365
2013,1787,1.0,365
2013,1788,1.0,365
2013,1790,1.0,365
2013,1792,1.0,365
2013,1793,3.0,365
2013,1798,1.0,365
2013,1799,1.0,365
2013,1800,3.0,365
2013,1801,1.0,365
2013,1803,1.0,365
2013,1804,1.0,365
2013,1805,1.0,365
2013,1808,2.0,365
2013,1809,1.0,365
2013,1811,1.0,365
2013,1812,1.0,365
2013,1814,1.0,365
2013,1816,1.0,365
2013,1817,1.0,365
2013,1818,1.0,365
2013,1889,1.0,365
2013,1890,3.0,365
2013,1893,3.0,365
2013,1894,3.0,365
2013,1895,3.0,365
2013,1896,3.0,365
2013,1897,3.0,365
2013,1898,3.0,365
2013,1899,3.0,365
2013,1900,3.0,365
2013,1902,3.0,365
2013,1922,2.0,365
2013,1923,3.0,365
2013,2198,1.0,365
2013,2212,1.0,365
2013,2214,2.0,365
2013,2253,3.0,365
2013,2287,1.0,365
2013,2295,3.0,365
2013,2300,1.0,365
2013,2302,1.0,365
2013,2310,1.0,365
2013,2332,1.0,365
2013,2336,1.0,365
2013,2339,1.0,365
2013,2353,1.0,365
2013,2362,1.0,365
2013,2375,2.0,365
2013,2383,1.0,365
2013,2384,1.0,365
2013,2452,1.0,365
2013,2454,1.0,365
2013,2469,1.0,365
2013,2470,1.0,365
2013,2478,2.0,365
2013,2482,3.0,365
2013,2492,3.0,365
2013,2508,2.0,365
2013,2535,1.0,334
2013,2580,1.0,304
2013,2600,1.0,365
2013,2665,1.0,365
2013,2849,2.0,365
2013,2853,1.0,92
2013,2876,1.0,170
2013,3039,1.0,365
2013,3314,1.0,365
2013,381,1.0,365
2013,43,1.0,365
2013,4718,1.0,365
2013,4794,1.0,365
2014,1612,1.0,364
2014,1613,1.0,364
2014,1614,3.0,364
2014,1622,1.0,364
2014,1624,1.0,364
2014,1625,1.0,364
2014,1626,1.0,364
2014,1627,1.0,364
2014,1628,1.0,364
2014,1635,1.0,364
2014,1636,1.0,364
2014,1637,1.0,364
2014,1639,1.0,364
2014,1641,1.0,364
2014,1642,1.0,364
2014,1644,1.0,364
2014,1648,1.0,364
2014,1649,1.0,364
2014,1650,1.0,364
2014,1651,1.0,364
2014,1652,1.0,364
2014,1653,1.0,364
2014,1654,2.0,364
2014,1655,1.0,364
2014,1656,1.0,364
2014,1657,1.0,364
2014,1659,1.0,364
2014,1661,1.0,364
2014,1662,1.0,364
2014,1663,1.0,364
2014,1664,1.0,364
2014,1665,1.0,364
2014,1668,1.0,364
2014,1669,2.0,364
2014,1670,1.0,364
2014,1672,1.0,364
2014,1673,1.0,364
2014,1674,1.0,364
2014,1675,1.0,364
2014,1677,1.0,364
2014,1678,1.0,364
2014,1679,1.0,59
2014,1681,1.0,364
2014,1683,1.0,364
2014,1686,3.0,364
2014,1688,1.0,364
2014,1689,1.0,364
2014,1690,1.0,364
2014,1691,1.0,364
2014,1694,2.0,364
2014,1695,1.0,364
2014,1698,1.0,364
2014,1700,2.0,364
2014,1702,1.0,364
2014,1704,1.0,364
2014,1707,1.0,364
2014,1710,1.0,364
2014,1712,1.0,364
2014,1713,1.0,364
2014,1714,1.0,364
2014,1715,1.0,364
2014,1716,1.0,364
2014,1717,1.0,364
2014,1718,1.0,364
2014,1720,1.0,364
2014,1721,1.0,364
2014,1723,1.0,364
2014,1724,1.0,364
2014,1726,2.0,364
2014,1728,1.0,364
2014,1729,1.0,364
2014,1730,1.0,364
2014,1733,1.0,364
2014,1734,1.0,364
2014,1735,2.0,364
2014,1736,1.0,364
2014,1737,1.0,364
2014,1738,1.0,364
2014,1745,1.0,364
2014,1747,1.0,364
2014,1748,1.0,364
2014,1749,1.0,364
2014,1750,1.0,364
2014,1752,1.0,364
2014,1753,1.0,364
2014,1754,1.0,364
2014,1756,1.0,364
2014,1758,1.0,364
2014,1761,2.0,364
2014,1762,1.0,364
2014,1763,1.0,364
2014,1764,1.0,364
2014,1765,3.0,364
2014,1770,1.0,364
2014,1773,1.0,364
2014,1774,1.0,364
2014,1775,1.0,364
2014,1777,1.0,364
2014,1779,1.0,364
2014,1780,1.0,364
2014,1781,1.0,364
2014,1782,1.0,364
2014,1785,1.0,364
2014,1786,2.0,364
2014,1787,1.0,364
2014,1788,1.0,364
2014,1790,1.0,364
2014,1792,1.0,364
2014,1793,3.0,364
2014,1798,1.0,364
2014,1799,1.0,364
2014,1800,3.0,364
2014,1801,1.0,364
2014,1803,1.0,364
2014,1804,1.0,364
2014,1805,1.0,364
2014,1808,2.0,364
2014,1809,1.0,364
2014,1811,1.0,364
2014,1812,1.0,364
2014,1814,1.0,364
2014,1816,1.0,364
2014,1817,1.0,364
2014,1818,1.0,364
2014,1889,1.0,364
2014,1890,3.0,364
2014,1893,3.0,364
2014,1894,3.0,364
2014,1895,3.0,364
2014,1896,3.0,364
2014,1897,3.0,364
2014,1898,3.0,364
2014,1899,3.0,364
2014,1900,3.0,364
2014,1902,3.0,364
2014,1922,2.0,364
2014,1923,3.0,364
2014,2198,1.0,364
2014,2212,1.0,364
2014,2214,2.0,364
2014,2253,3.0,364
2014,2287,1.0,364
2014,2295,3.0,364
2014,2300,1.0,364
2014,2302,1.0,364
2014,2310,1.0,364
2014,2332,1.0,364
2014,2336,1.0,364
2014,2339,1.0,364
2014,2353,1.0,364
2014,2362,1.0,364
2014,2375,2.0,364
2014,2383,1.0,364
2014,2384,1.0,364
2014,2452,1.0,364
2014,2454,1.0,364
2014,2469,1.0,364
2014,2470,1.0,364
2014,2478,2.0,364
2014,2482,3.0,364
2014,2492,3.0,364
2014,2508,2.0,364
2014,2535,1.0,364
2014,2580,1.0,305
2014,2600,1.0,364
2014,2665,1.0,364
2014,2849,2.0,364
2014,2853,1.0,364
2014,2855,1.0,364
2014,2856,1.0,364
2014,2859,1.0,313
2014,2860,1.0,333
2014,2861,1.0,314
2014,2863,1.0,274
2014,2870,1.0,183
2014,2876,1.0,362
2014,3039,1.0,364
2014,3314,1.0,364
2014,381,1.0,364
2014,43,1.0,364
2014,4718,1.0,364
2014,4794,1.0,364
2015,1612,1.0,365
2015,1613,1.0,365
2015,1614,3.0,365
2015,1622,1.0,365
2015,1624,1.0,365
2015,1625,1.0,365
2015,1626,1.0,365
2015,1627,1.0,365
2015,1628,1.0,365
2015,1635,1.0,365
2015,1636,1.0,365
2015,1637,1.0,365
2015,1639,1.0,365
2015,1641,1.0,365
2015,1642,1.0,365
2015,1644,1.0,365
2015,1648,1.0,365
2015,1649,1.0,365
2015,1650,1.0,365
2015,1651,1.0,365
2015,1652,1.0,365
2015,1653,1.0,365
2015,1654,2.0,365
2015,1655,1.0,365
2015,1656,1.0,365
2015,1657,1.0,365
2015,1659,1.0,365
2015,1661,1.0,365
2015,1662,1.0,365
2015,1663,1.0,365
2015,1664,1.0,365
2015,1665,1.0,365
2015,1668,1.0,365
2015,1669,2.0,365
2015,1670,1.0,365
2015,1672,1.0,365
2015,1673,1.0,365
2015,1674,1.0,365
2015,1675,1.0,365
2015,1677,1.0,365
2015,1678,1.0,365
2015,1679,1.0,365
2015,1681,1.0,365
2015,1683,1.0,365
2015,1686,3.0,365
2015,1688,1.0,365
2015,1689,1.0,365
2015,1690,1.0,365
2015,1691,1.0,365
2015,1694,2.0,365
2015,1695,1.0,365
2015,1698,1.0,365
2015,1700,2.0,365
2015,1702,1.0,365
2015,1704,1.0,365
2015,1707,1.0,365
2015,1710,1.0,365
2015,1712,1.0,365
2015,1713,1.0,365
2015,1714,1.0,365
2015,1715,1.0,365
2015,1716,1.0,365
2015,1717,1.0,365
2015,1718,1.0,365
2015,1720,1.0,365
2015,1721,1.0,365
2015,1723,1.0,365
2015,1724,1.0,365
2015,1726,2.0,365
2015,1728,1.0,365
2015,1729,1.0,365
2015,1730,1.0,365
2015,1733,1.0,365
2015,1734,1.0,365
2015,1735,2.0,365
2015,1736,1.0,365
2015,1737,1.0,365
2015,1738,1.0,365
2015,1745,1.0,365
2015,1747,1.0,365
2015,1748,1.0,365
2015,1749,1.0,365
2015,1750,1.0,365
2015,1752,1.0,365
2015,1753,1.0,365
2015,1754,1.0,365
2015,1756,1.0,365
2015,1758,1.0,365
2015,1761,2.0,365
2015,1762,1.0,365
2015,1763,1.0,365
2015,1764,1.0,365
2015,1765,3.0,365
2015,1770,1.0,365
2015,1773,1.0,365
2015,1774,1.0,365
2015,1775,1.0,365
2015,1777,1.0,365
2015,1779,1.0,365
2015,1780,1.0,365
2015,1781,1.0,365
2015,1782,1.0,365
2015,1785,1.0,365
2015,1786,2.0,365
2015,1787,1.0,365
2015,1788,1.0,365
2015,1790,1.0,365
2015,1792,1.0,365
2015,1793,3.0,365
2015,1798,1.0,334
2015,1799,1.0,365
2015,1800,3.0,365
2015,1801,1.0,365
2015,1803,1.0,365
2015,1804,1.0,365
2015,1805,1.0,365
2015,1808,2.0,365
2015,1809,1.0,365
2015,1811,1.0,365
2015,1812,1.0,365
2015,1814,1.0,365
2015,1816,1.0,365
2015,1817,1.0,365
2015,1818,1.0,365
2015,1889,1.0,365
2015,1890,3.0,365
2015,1893,3.0,365
2015,1894,3.0,365
2015,1895,3.0,365
2015,1896,3.0,365
2015,1897,3.0,365
2015,1898,3.0,365
2015,1899,3.0,365
2015,1900,3.0,365
2015,1902,3.0,365
2015,1922,2.0,365
2015,1923,3.0,365
2015,2198,1.0,365
2015,2212,1.0,365
2015,2214,2.0,365
2015,2253,3.0,365
2015,2287,1.0,365
2015,2295,3.0,365
2015,2300,1.0,365
2015,2302,1.0,365
2015,2310,1.0,365
2015,2332,1.0,365
2015,2336,1.0,365
2015,2339,1.0,365
2015,2353,1.0,365
2015,2362,1.0,365
2015,2375,2.0,365
2015,2383,1.0,365
2015,2384,1.0,365
2015,2452,1.0,365
2015,2454,1.0,365
2015,2469,1.0,365
2015,2470,1.0,365
2015,2478,2.0,365
2015,2482,3.0,365
2015,2492,3.0,365
2015,2508,2.0,365
2015,2535,1.0,365
2015,2580,1.0,365
2015,2600,1.0,365
2015,2665,1.0,365
2015,2849,2.0,365
2015,2853,1.0,365
2015,2855,1.0,365
2015,2856,1.0,365
2015,2859,1.0,365
2015,2860,1.0,365
2015,2861,1.0,365
2015,2863,1.0,365
2015,2870,1.0,365
2015,2875,1.0,365
2015,2876,1.0,365
2015,3039,1.0,365
2015,3314,1.0,365
2015,381,1.0,365
2015,43,1.0,365
2015,4718,1.0,365
2015,4794,1.0,365
2016,1612,1.0,366
2016,1613,1.0,366
2016,1614,3.0,366
2016,1622,1.0,366
2016,1624,1.0,366
2016,1625,1.0,366
2016,1626,1.0,366
2016,1627,1.0,366
2016,1628,1.0,366
2016,1635,1.0,366
2016,1636,1.0,366
2016,1637,1.0,366
2016,1639,1.0,366
2016,1641,1.0,366
2016,1642,1.0,366
2016,1644,1.0,366
2016,1648,1.0,366
2016,1649,1.0,366
2016,1650,1.0,366
2016,1651,1.0,366
2016,1652,1.0,366
2016,1653,1.0,366
2016,1654,2.0,366
2016,1655,1.0,366
2016,1656,1.0,366
2016,1657,1.0,366
2016,1659,1.0,366
2016,1661,1.0,366
2016,1662,1.0,366
2016,1663,1.0,366
2016,1664,1.0,366
2016,1665,1.0,366
2016,1668,1.0,366
2016,1669,2.0,366
2016,1670,1.0,366
2016,1672,1.0,366
2016,1673,1.0,366
2016,1674,1.0,366
2016,1675,1.0,213
2016,1677,1.0,366
2016,1678,1.0,366
2016,1679,1.0,366
2016,1681,1.0,366
2016,1683,1.0,366
2016,1686,3.0,366
2016,1688,1.0,366
2016,1689,1.0,366
2016,1690,1.0,366
2016,1691,1.0,366
2016,1694,2.0,366
2016,1695,1.0,366
2016,1698,1.0,366
2016,1700,2.0,366
2016,1702,1.0,366
2016,1704,1.0,366
2016,1707,1.0,366
2016,1710,1.0,366
2016,1712,1.0,366
2016,1713,1.0,366
2016,1714,1.0,366
2016,1715,1.0,366
2016,1716,1.0,366
2016,1717,1.0,366
2016,1718,1.0,366
2016,1720,1.0,366
2016,1721,1.0,366
2016,1723,1.0,366
2016,1724,1.0,366
2016,1726,2.0,366
2016,1728,1.0,366
2016,1729,1.0,366
2016,1730,1.0,366
2016,1733,1.0,335
2016,1734,1.0,366
2016,1735,2.0,366
2016,1736,1.0,366
2016,1737,1.0,366
2016,1738,1.0,366
2016,1745,1.0,366
2016,1747,1.0,366
2016,1748,1.0,366
2016,1749,1.0,366
2016,1750,1.0,366
2016,1752,1.0,366
2016,1753,1.0,366
2016,1754,1.0,366
2016,1756,1.0,366
2016,1758,1.0,366
2016,1761,2.0,366
2016,1762,1.0,366
2016,1763,1.0,366
2016,1764,1.0,366
2016,1765,3.0,366
2016,1770,1.0,366
2016,1773,1.0,366
2016,1774,1.0,366
2016,1775,1.0,366
2016,1777,1.0,366
2016,1779,1.0,366
2016,1780,1.0,366
2016,1781,1.0,366
2016,1782,1.0,366
2016,1785,1.0,366
2016,1786,2.0,366
2016,1787,1.0,366
2016,1788,1.0,366
2016,1790,1.0,366
2016,1792,1.0,366
2016,1793,3.0,366
2016,1798,1.0,366
2016,1799,1.0,366
2016,1800,3.0,366
2016,1801,1.0,366
2016,1803,1.0,366
2016,1804,1.0,366
2016,1805,1.0,366
2016,1808,2.0,366
2016,1809,1.0,366
2016,1811,1.0,366
2016,1812,1.0,336
2016,1814,1.0,366
2016,1816,1.0,366
2016,1817,1.0,366
2016,1818,1.0,366
2016,1889,1.0,366
2016,1890,3.0,366
2016,1893,3.0,366
2016,1894,3.0,366
2016,1895,3.0,366
2016,1896,3.0,366
2016,1897,3.0,366
2016,1898,3.0,366
2016,1899,3.0,366
2016,1900,3.0,366
2016,1902,3.0,366
2016,1922,2.0,366
2016,1923,3.0,366
2016,2198,1.0,366
2016,2212,1.0,366
2016,2214,2.0,366
2016,2253,3.0,366
2016,2287,1.0,366
2016,2295,3.0,366
2016,2300,1.0,366
2016,2302,1.0,366
2016,2310,1.0,366
2016,2332,1.0,366
2016,2336,1.0,366
2016,2339,1.0,366
2016,2353,1.0,366
2016,2362,1.0,366
2016,2375,2.0,366
2016,2383,1.0,366
2016,2384,1.0,366
2016,2452,1.0,366
2016,2454,1.0,366
2016,2469,1.0,366
2016,2470,1.0,366
2016,2478,2.0,366
2016,2482,3.0,366
2016,2492,3.0,366
2016,2508,2.0,366
2016,2535,1.0,366
2016,2580,1.0,152
2016,2600,1.0,366
2016,2665,1.0,366
2016,2849,2.0,366
2016,2853,1.0,244
2016,2855,1.0,366
2016,2856,1.0,366
2016,2859,1.0,366
2016,2860,1.0,366
2016,2861,1.0,366
2016,2863,1.0,366
2016,2870,1.0,366
2016,2875,1.0,366
2016,2876,1.0,366
2016,2895,3.0,306
2016,2993,1.0,122
2016,3039,1.0,366
2016,3145,1.0,275
2016,3314,1.0,366
2016,3316,2.0,122
2016,381,1.0,366
2016,43,1.0,366
2016,4718,1.0,366
2016,4794,1.0,366
2017,1612,1.0,364
2017,1613,1.0,364
2017,1614,3.0,364
2017,1622,1.0,364
2017,1624,1.0,364
2017,1625,1.0,364
2017,1626,1.0,364
2017,1627,1.0,364
2017,1628,1.0,364
2017,1635,1.0,364
2017,1636,1.0,364
2017,1637,1.0,364
2017,1639,1.0,364
2017,1641,1.0,364
2017,1642,1.0,364
2017,1644,1.0,364
2017,1648,1.0,364
2017,1649,1.0,364
2017,1650,1.0,364
2017,1651,1.0,364
2017,1652,1.0,364
2017,1653,1.0,364
2017,1654,2.0,364
2017,1656,1.0,364
2017,1657,1.0,364
2017,1659,1.0,364
2017,1661,1.0,364
2017,1662,1.0,364
2017,1663,1.0,364
2017,1664,1.0,364
2017,1665,1.0,364
2017,1668,1.0,364
2017,1669,2.0,364
2017,1670,1.0,364
2017,1672,1.0,364
2017,1673,1.0,364
2017,1674,1.0,364
2017,1677,1.0,364
2017,1678,1.0,364
2017,1679,1.0,364
2017,1681,1.0,364
2017,1683,1.0,272
2017,1686,3.0,364
2017,1688,1.0,364
2017,1689,1.0,364
2017,1690,1.0,364
2017,1691,1.0,364
2017,1694,2.0,364
2017,1695,1.0,364
2017,1698,1.0,364
2017,1700,2.0,364
2017,1702,1.0,364
2017,1704,1.0,364
2017,1707,1.0,364
2017,1710,1.0,364
2017,1712,1.0,364
2017,1713,1.0,364
2017,1714,1.0,364
2017,1715,1.0,364
2017,1716,1.0,364
2017,1717,1.0,364
2017,1718,1.0,364
2017,1720,1.0,364
2017,1721,1.0,364
2017,1723,1.0,364
2017,1724,1.0,364
2017,1726,2.0,364
2017,1728,1.0,364
2017,1729,1.0,364
2017,1730,1.0,364
2017,1734,1.0,364
2017,1735,2.0,364
2017,1736,1.0,364
2017,1737,1.0,364
2017,1738,1.0,364
2017,1745,1.0,364
2017,1747,1.0,364
2017,1748,1.0,364
2017,1749,1.0,364
2017,1750,1.0,364
2017,1752,1.0,364
2017,1753,1.0,364
2017,1754,1.0,364
2017,1756,1.0,364
2017,1758,1.0,364
2017,1761,2.0,364
2017,1762,1.0,364
2017,1763,1.0,364
2017,1764,1.0,150
2017,1765,3.0,364
2017,1770,1.0,364
2017,1773,1.0,364
2017,1774,1.0,364
2017,1775,1.0,364
2017,1777,1.0,333
2017,1779,1.0,364
2017,1780,1.0,364
2017,1781,1.0,364
2017,1782,1.0,364
2017,1785,1.0,364
2017,1786,2.0,364
2017,1787,1.0,364
2017,1788,1.0,364
2017,1790,1.0,364
2017,1792,1.0,364
2017,1793,3.0,364
2017,1798,1.0,364
2017,1799,1.0,364
2017,1800,3.0,364
2017,1801,1.0,364
2017,1803,1.0,364
2017,1804,1.0,364
2017,1805,1.0,364
2017,1808,2.0,364
2017,1809,1.0,364
2017,1811,1.0,364
2017,1812,1.0,364
2017,1814,1.0,364
2017,1816,1.0,364
2017,1817,1.0,364
2017,1818,1.0,364
2017,1889,1.0,364
2017,1890,3.0,364
2017,1893,3.0,364
2017,1894,3.0,364
2017,1895,3.0,364
2017,1896,3.0,364
2017,1897,3.0,364
2017,1898,3.0,259
2017,1899,3.0,364
2017,1900,3.0,364
2017,1902,3.0,364
2017,1922,2.0,364
2017,1923,3.0,364
2017,2198,1.0,364
2017,2212,1.0,364
2017,2214,2.0,364
2017,2253,3.0,364
2017,2287,1.0,364
2017,2295,3.0,364
2017,2300,1.0,364
2017,2302,1.0,364
2017,2310,1.0,364
2017,2332,1.0,364
2017,2336,1.0,364
2017,2339,1.0,364
2017,2353,1.0,364
2017,2362,1.0,364
2017,2375,2.0,364
2017,2383,1.0,364
2017,2384,1.0,364
2017,2452,1.0,364
2017,2454,1.0,364
2017,2469,1.0,364
2017,2470,1.0,364
2017,2478,2.0,364
2017,2482,3.0,364
2017,2492,3.0,364
2017,2508,2.0,364
2017,2535,1.0,364
2017,2600,1.0,364
2017,2665,1.0,364
2017,2849,2.0,364
2017,2855,1.0,364
2017,2856,1.0,364
2017,2859,1.0,364
2017,2860,1.0,364
2017,2861,1.0,364
2017,2863,1.0,364
2017,2870,1.0,364
2017,2875,1.0,364
2017,2876,1.0,364
2017,2895,3.0,364
2017,2990,1.0,305
2017,2993,1.0,364
2017,3001,1.0,274
2017,3039,1.0,364
2017,3049,3.0,129
2017,3145,1.0,364
2017,3314,1.0,364
2017,3316,2.0,364
2017,381,1.0,364
2017,43,1.0,364
2017,4718,1.0,364
2017,4794,1.0,364
2018,1612,1.0,365
2018,1613,1.0,365
2018,1614,3.0,365
2018,1622,1.0,365
2018,1624,1.0,365
2018,1625,1.0,365
2018,1626,1.0,365
2018,1627,1.0,365
2018,1628,1.0,365
2018,1635,1.0,365
2018,1636,1.0,365
2018,1637,1.0,365
2018,1639,1.0,365
2018,1641,1.0,365
2018,1644,1.0,365
2018,1648,1.0,365
2018,1649,1.0,365
2018,1650,1.0,365
2018,1651,1.0,365
2018,1652,1.0,365
2018,1653,1.0,365
2018,1654,2.0,365
2018,1656,1.0,365
2018,1657,1.0,365
2018,1659,1.0,365
2018,1662,1.0,365
2018,1663,1.0,365
2018,1664,1.0,365
2018,1665,1.0,365
2018,1668,1.0,365
2018,1669,2.0,365
2018,1670,1.0,365
2018,1672,1.0,365
2018,1673,1.0,365
2018,1674,1.0,365
2018,1677,1.0,365
2018,1678,1.0,59
2018,1679,1.0,365
2018,1681,1.0,365
2018,1683,1.0,31
2018,1686,3.0,365
2018,1688,1.0,365
2018,1689,1.0,365
2018,1690,1.0,365
2018,1691,1.0,365
2018,1694,2.0,365
2018,1695,1.0,365
2018,1698,1.0,365
2018,1700,2.0,365
2018,1702,1.0,365
2018,1704,1.0,365
2018,1707,1.0,365
2018,1710,1.0,365
2018,1712,1.0,365
2018,1713,1.0,365
2018,1714,1.0,365
2018,1715,1.0,365
2018,1716,1.0,365
2018,1717,1.0,365
2018,1718,1.0,365
2018,1720,1.0,365
2018,1721,1.0,365
2018,1723,1.0,365
2018,1724,1.0,365
2018,1726,2.0,365
2018,1728,1.0,365
2018,1729,1.0,365
2018,1730,1.0,365
2018,1734,1.0,365
2018,1735,2.0,365
2018,1736,1.0,365
2018,1737,1.0,365
2018,1738,1.0,365
2018,1745,1.0,365
2018,1747,1.0,365
2018,1748,1.0,365
2018,1749,1.0,365
2018,1750,1.0,365
2018,1752,1.0,31
2018,1753,1.0,365
2018,1754,1.0,365
2018,1758,1.0,365
2018,1761,2.0,365
2018,1762,1.0,365
2018,1763,1.0,365
2018,1770,1.0,365
2018,1773,1.0,365
2018,1774,1.0,365
2018,1775,1.0,365
2018,1777,1.0,365
2018,1779,1.0,365
2018,1780,1.0,365
2018,1781,1.0,365
2018,1782,1.0,365
2018,1785,1.0,365
2018,1786,2.0,365
2018,1787,1.0,365
2018,1790,1.0,365
2018,1792,1.0,365
2018,1793,3.0,334
2018,1798,1.0,365
2018,1799,1.0,365
2018,1800,3.0,365
2018,1801,1.0,365
2018,1803,1.0,365
2018,1804,1.0,334
2018,1805,1.0,365
2018,1808,2.0,365
2018,1809,1.0,365
2018,1811,1.0,365
2018,1812,1.0,365
2018,1814,1.0,365
2018,1816,1.0,365
2018,1817,1.0,365
2018,1818,1.0,365
2018,1889,1.0,365
2018,1890,3.0,365
2018,1893,3.0,365
2018,1894,3.0,365
2018,1895,3.0,365
2018,1896,3.0,365
2018,1897,3.0,365
2018,1899,3.0,365
2018,1900,3.0,365
2018,1902,3.0,365
2018,1922,2.0,365
2018,1923,3.0,365
2018,2198,1.0,365
2018,2212,1.0,365
2018,2214,2.0,365
2018,2253,3.0,365
2018,2287,1.0,365
2018,2295,3.0,365
2018,2300,1.0,365
2018,2302,1.0,365
2018,2310,1.0,365
2018,2332,1.0,365
2018,2336,1.0,365
2018,2339,1.0,365
2018,2353,1.0,365
2018,2362,1.0,365
2018,2375,2.0,365
2018,2383,1.0,365
2018,2384,1.0,365
2018,2452,1.0,365
2018,2454,1.0,365
2018,2469,1.0,365
2018,2470,1.0,365
2018,2478,2.0,365
2018,2482,3.0,365
2018,2492,3.0,31
2018,2508,2.0,365
2018,2535,1.0,365
2018,2600,1.0,365
2018,2665,1.0,365
2018,2849,2.0,365
2018,2855,1.0,365
2018,2856,1.0,365
2018,2859,1.0,365
2018,2860,1.0,365
2018,2861,1.0,365
2018,2863,1.0,365
2018,2870,1.0,365
2018,2875,1.0,365
2018,2876,1.0,273
2018,2895,3.0,365
2018,2990,1.0,365
2018,2993,1.0,365
2018,3001,1.0,365
2018,3039,1.0,365
2018,3049,3.0,365
2018,3143,1.0,365
2018,3144,1.0,306
2018,3145,1.0,365
2018,3147,1.0,275
2018,3152,1.0,214
2018,3161,1.0,201
2018,3162,1.0,184
2018,3211,1.0,31
2018,3314,1.0,365
2018,3316,2.0,365
2018,381,1.0,365
2018,43,1.0,365
2018,4718,1.0,365
2018,4794,1.0,304
2019,1612,1.0,364
2019,1613,1.0,364
2019,1614,3.0,364
2019,1622,1.0,364
2019,1624,1.0,364
2019,1625,1.0,364
2019,1626,1.0,364
2019,1627,1.0,364
2019,1628,1.0,364
2019,1635,1.0,364
2019,1636,1.0,364
2019,1637,1.0,364
2019,1639,1.0,364
2019,1641,1.0,364
2019,1644,1.0,364
2019,1648,1.0,364
2019,1649,1.0,364
2019,1650,1.0,213
2019,1651,1.0,364
2019,1652,1.0,364
2019,1653,1.0,364
2019,1654,2.0,364
2019,1656,1.0,364
2019,1657,1.0,364
2019,1659,1.0,364
2019,1662,1.0,364
2019,1663,1.0,364
2019,1664,1.0,364
2019,1665,1.0,364
2019,1668,1.0,364
2019,1669,2.0,364
2019,1670,1.0,364
2019,1672,1.0,364
2019,1673,1.0,364
2019,1674,1.0,364
2019,1677,1.0,364
2019,1679,1.0,364
2019,1681,1.0,364
2019,1686,3.0,364
2019,1688,1.0,364
2019,1689,1.0,364
2019,1690,1.0,364
2019,1691,1.0,364
2019,1694,2.0,364
2019,1695,1.0,364
2019,1698,1.0,364
2019,1700,2.0,364
2019,1702,1.0,364
2019,1704,1.0,364
2019,1707,1.0,364
2019,1710,1.0,364
2019,1712,1.0,364
2019,1713,1.0,364
2019,1714,1.0,364
2019,1715,1.0,364
2019,1716,1.0,364
2019,1717,1.0,364
2019,1718,1.0,364
2019,1720,1.0,364
2019,1721,1.0,364
2019,1723,1.0,243
2019,1724,1.0,364
2019,1726,2.0,364
2019,1728,1.0,364
2019,1729,1.0,364
2019,1730,1.0,364
2019,1734,1.0,364
2019,1735,2.0,364
2019,1736,1.0,364
2019,1737,1.0,364
2019,1738,1.0,364
2019,1745,1.0,364
2019,1747,1.0,364
2019,1748,1.0,364
2019,1749,1.0,364
2019,1750,1.0,364
2019,1753,1.0,364
2019,1754,1.0,364
2019,1758,1.0,364
2019,1761,2.0,364
2019,1762,1.0,364
2019,1763,1.0,364
2019,1770,1.0,364
2019,1773,1.0,272
2019,1774,1.0,364
2019,1775,1.0,364
2019,1777,1.0,364
2019,1779,1.0,364
2019,1780,1.0,364
2019,1781,1.0,364
2019,1782,1.0,364
2019,1785,1.0,364
2019,1786,2.0,364
2019,1787,1.0,364
2019,1790,1.0,364
2019,1792,1.0,364
2019,1798,1.0,364
2019,1799,1.0,364
2019,1800,3.0,364
2019,1801,1.0,364
2019,1803,1.0,364
2019,1805,1.0,364
2019,1808,2.0,364
2019,1809,1.0,364
2019,1811,1.0,364
2019,1812,1.0,364
2019,1814,1.0,364
2019,1816,1.0,364
2019,1817,1.0,364
2019,1818,1.0,364
2019,1889,1.0,364
2019,1890,3.0,364
2019,1893,3.0,364
2019,1894,3.0,364
2019,1895,3.0,364
2019,1896,3.0,364
2019,1897,3.0,364
2019,1899,3.0,364
2019,1900,3.0,364
2019,1902,3.0,364
2019,1922,2.0,364
2019,1923,3.0,364
2019,2198,1.0,364
2019,2212,1.0,364
2019,2214,2.0,364
2019,2253,3.0,364
2019,2287,1.0,120
2019,2295,3.0,364
2019,2300,1.0,364
2019,2302,1.0,364
2019,2310,1.0,364
2019,2332,1.0,364
2019,2336,1.0,364
2019,2339,1.0,364
2019,2353,1.0,258
2019,2362,1.0,364
2019,2375,2.0,364
2019,2383,1.0,364
2019,2384,1.0,364
2019,2452,1.0,364
2019,2454,1.0,364
2019,2469,1.0,364
2019,2470,1.0,364
2019,2478,2.0,364
2019,2482,3.0,364
2019,2508,2.0,364
2019,2535,1.0,364
2019,2665,1.0,364
2019,2849,2.0,364
2019,2855,1.0,364
2019,2856,1.0,364
2019,2859,1.0,364
2019,2860,1.0,364
2019,2861,1.0,364
2019,2863,1.0,364
2019,2870,1.0,364
2019,2875,1.0,364
2019,2895,3.0,364
2019,2990,1.0,364
2019,2993,1.0,364
2019,3001,1.0,362
2019,3039,1.0,364
2019,3049,3.0,364
2019,3143,1.0,364
2019,3144,1.0,364
2019,3145,1.0,364
2019,3147,1.0,364
2019,3152,1.0,364
2019,3161,1.0,364
2019,3162,1.0,364
2019,3210,1.0,305
2019,3211,1.0,364
2019,3257,1.0,178
2019,3297,1.0,106
2019,3314,1.0,364
2019,3316,2.0,364
2019,381,1.0,364
2019,43,1.0,364
2019,4718,1.0,364
2020,1612,1.0,366
2020,1613,1.0,366
2020,1614,3.0,366
2020,1622,1.0,366
2020,1624,1.0,366
2020,1625,1.0,366
2020,1626,1.0,366
2020,1627,1.0,366
2020,1628,1.0,366
2020,1635,1.0,366
2020,1636,1.0,366
2020,1637,1.0,366
2020,1639,1.0,366
2020,1641,1.0,366
2020,1644,1.0,366
2020,1648,1.0,305
2020,1649,1.0,366
2020,1651,1.0,366
2020,1652,1.0,366
2020,1653,1.0,366
2020,1654,2.0,366
2020,1656,1.0,366
2020,1657,1.0,366
2020,1659,1.0,366
2020,1662,1.0,366
2020,1663,1.0,366
2020,1664,1.0,366
2020,1665,1.0,366
2020,1668,1.0,366
2020,1669,2.0,366
2020,1670,1.0,366
2020,1672,1.0,366
2020,1673,1.0,366
2020,1674,1.0,366
2020,1677,1.0,366
2020,1679,1.0,366
2020,1681,1.0,366
2020,1686,3.0,366
2020,1688,1.0,366
2020,1689,1.0,366
2020,1690,1.0,366
2020,1691,1.0,366
2020,1694,2.0,366
2020,1695,1.0,366
2020,1698,1.0,366
2020,1700,2.0,366
2020,1702,1.0,366
2020,1704,1.0,366
2020,1707,1.0,366
2020,1710,1.0,366
2020,1712,1.0,366
2020,1713,1.0,366
2020,1714,1.0,366
2020,1715,1.0,366
2020,1716,1.0,366
2020,1717,1.0,366
2020,1718,1.0,366
2020,1720,1.0,366
2020,1721,1.0,366
2020,1724,1.0,366
2020,1726,2.0,366
2020,1728,1.0,366
2020,1729,1.0,366
2020,1730,1.0,366
2020,1734,1.0,366
2020,1735,2.0,366
2020,1736,1.0,366
2020,1737,1.0,366
2020,1738,1.0,366
2020,1745,1.0,366
2020,1747,1.0,366
2020,1748,1.0,366
2020,1749,1.0,366
2020,1750,1.0,366
2020,1753,1.0,366
2020,1754,1.0,366
2020,1758,1.0,366
2020,1761,2.0,366
2020,1762,1.0,305
2020,1763,1.0,366
2020,1770,1.0,366
2020,1774,1.0,366
2020,1775,1.0,366
2020,1777,1.0,366
2020,1779,1.0,366
2020,1780,1.0,366
2020,1781,1.0,366
2020,1782,1.0,366
2020,1785,1.0,366
2020,1786,2.0,366
2020,1787,1.0,366
2020,1790,1.0,366
2020,1792,1.0,366
2020,1798,1.0,366
2020,1799,1.0,366
2020,1800,3.0,366
2020,1801,1.0,366
2020,1803,1.0,366
2020,1805,1.0,366
2020,1808,2.0,366
2020,1809,1.0,366
2020,1811,1.0,366
2020,1812,1.0,366
2020,1814,1.0,366
2020,1816,1.0,366
2020,1817,1.0,366
2020,1818,1.0,366
2020,1889,1.0,366
2020,1890,3.0,366
2020,1893,3.0,366
2020,1894,3.0,366
2020,1895,3.0,366
2020,1896,3.0,366
2020,1897,3.0,366
2020,1899,3.0,366
2020,1900,3.0,366
2020,1902,3.0,366
2020,1922,2.0,366
2020,1923,3.0,366
2020,2198,1.0,366
2020,2212,1.0,366
2020,2214,2.0,366
2020,2253,3.0,366
2020,2295,3.0,14
2020,2300,1.0,366
2020,2302,1.0,366
2020,2310,1.0,366
2020,2332,1.0,366
2020,2336,1.0,366
2020,2339,1.0,366
2020,2362,1.0,366
2020,2375,2.0,366
2020,2383,1.0,366
2020,2384,1.0,366
2020,2452,1.0,366
2020,2454,1.0,366
2020,2469,1.0,366
2020,2470,1.0,366
2020,2478,2.0,366
2020,2482,3.0,366
2020,2508,2.0,366
2020,2535,1.0,182
2020,2665,1.0,366
2020,2849,2.0,366
2020,2855,1.0,366
2020,2856,1.0,366
2020,2859,1.0,366
2020,286,1.0,214
2020,2860,1.0,366
2020,2861,1.0,366
2020,2863,1.0,366
2020,2870,1.0,366
2020,2875,1.0,366
2020,2895,3.0,366
2020,2990,1.0,366
2020,2993,1.0,366
2020,3001,1.0,366
2020,3039,1.0,366
2020,3049,3.0,366
2020,3143,1.0,366
2020,3144,1.0,366
2020,3145,1.0,366
2020,3147,1.0,366
2020,3152,1.0,366
2020,3161,1.0,366
2020,3162,1.0,366
2020,3210,1.0,366
2020,3211,1.0,366
2020,3257,1.0,91
2020,3297,1.0,366
2020,3308,2.0,366
2020,3314,1.0,366
2020,3316,2.0,366
2020,3331,1.0,122
2020,3332,1.0,184
2020,381,1.0,366
2020,43,1.0,366
2020,4718,1.0,366
2021,1612,1.0,90
2021,1613,1.0,365
2021,1614,3.0,365
2021,1622,1.0,365
2021,1624,1.0,365
2021,1625,1.0,365
2021,1626,1.0,335
2021,1627,1.0,365
2021,1628,1.0,365
2021,1635,1.0,365
2021,1636,1.0,365
2021,1637,1.0,365
2021,1639,1.0,365
2021,1641,1.0,365
2021,1644,1.0,365
2021,1649,1.0,365
2021,1651,1.0,365
2021,1652,1.0,365
2021,1653,1.0,365
2021,1654,2.0,365
2021,1656,1.0,365
2021,1657,1.0,365
2021,1659,1.0,365
2021,1662,1.0,365
2021,1663,1.0,365
2021,1664,1.0,365
2021,1665,1.0,365
2021,1668,1.0,365
2021,1669,2.0,365
2021,1670,1.0,365
2021,1672,1.0,365
2021,1673,1.0,365
2021,1674,1.0,365
2021,1677,1.0,365
2021,1679,1.0,365
2021,1681,1.0,365
2021,1686,3.0,365
2021,1688,1.0,365
2021,1689,1.0,365
2021,1690,1.0,365
2021,1691,1.0,365
2021,1694,2.0,365
2021,1695,1.0,365
2021,1698,1.0,365
2021,1700,2.0,365
2021,1702,1.0,365
2021,1704,1.0,365
2021,1707,1.0,365
2021,1710,1.0,365
2021,1712,1.0,365
2021,1713,1.0,365
2021,1714,1.0,365
2021,1715,1.0,365
2021,1716,1.0,365
2021,1717,1.0,365
2021,1718,1.0,365
2021,1720,1.0,365
2021,1721,1.0,365
2021,1724,1.0,365
2021,1726,2.0,365
2021,1728,1.0,365
2021,1729,1.0,337
2021,1730,1.0,365
2021,1734,1.0,365
2021,1735,2.0,365
2021,1736,1.0,365
2021,1737,1.0,365
2021,1738,1.0,334
2021,1745,1.0,365
2021,1747,1.0,365
2021,1748,1.0,365
2021,1749,1.0,365
2021,1750,1.0,365
2021,1753,1.0,365
2021,1754,1.0,365
2021,1758,1.0,365
2021,1761,2.0,365
2021,1762,1.0,365
2021,1763,1.0,365
2021,1770,1.0,365
2021,1774,1.0,365
2021,1775,1.0,365
2021,1777,1.0,365
2021,1779,1.0,365
2021,1780,1.0,365
2021,1781,1.0,365
2021,1782,1.0,365
2021,1785,1.0,365
2021,1786,2.0,365
2021,1787,1.0,365
2021,1790,1.0,365
2021,1792,1.0,365
2021,1798,1.0,365
2021,1799,1.0,365
2021,1800,3.0,365
2021,1801,1.0,365
2021,1803,1.0,365
2021,1805,1.0,365
2021,1808,2.0,365
2021,1809,1.0,365
2021,1811,1.0,365
2021,1812,1.0,365
2021,1814,1.0,365
2021,1816,1.0,365
2021,1817,1.0,365
2021,1818,1.0,365
2021,1889,1.0,365
2021,1890,3.0,365
2021,1893,3.0,365
2021,1894,3.0,365
2021,1895,3.0,365
2021,1896,3.0,365
2021,1897,3.0,365
2021,1899,3.0,365
2021,1900,3.0,365
2021,1902,3.0,365
2021,1922,2.0,365
2021,1923,3.0,365
2021,2198,1.0,365
2021,2212,1.0,365
2021,2214,2.0,365
2021,2253,3.0,365
2021,2300,1.0,365
2021,2302,1.0,365
2021,2310,1.0,365
2021,2332,1.0,365
2021,2336,1.0,365
2021,2339,1.0,365
2021,2362,1.0,365
2021,2375,2.0,365
2021,2383,1.0,365
2021,2384,1.0,365
2021,2452,1.0,365
2021,2454,1.0,365
2021,2469,1.0,365
2021,2470,1.0,365
2021,2478,2.0,365
2021,2482,3.0,365
2021,2508,2.0,365
2021,2665,1.0,365
2021,2849,2.0,365
2021,2855,1.0,365
2021,2856,1.0,335
2021,2859,1.0,365
2021,286,1.0,365
2021,2860,1.0,365
2021,2861,1.0,365
2021,2863,1.0,365
2021,2870,1.0,365
2021,2875,1.0,365
2021,2895,3.0,365
2021,2990,1.0,365
2021,2993,1.0,365
2021,3001,1.0,362
2021,3039,1.0,365
2021,3049,3.0,365
2021,3143,1.0,365
2021,3144,1.0,365
2021,3145,1.0,365
2021,3147,1.0,365
2021,3152,1.0,365
2021,3161,1.0,365
2021,3162,1.0,365
2021,3210,1.0,365
2021,3211,1.0,365
2021,3297,1.0,365
2021,3308,2.0,365
2021,3314,1.0,365
2021,3316,2.0,365
2021,3331,1.0,365
2021,3332,1.0,365
2021,3391,1.0,275
2021,381,1.0,365
2021,43,1.0,365
2021,4718,1.0,365
2022,1611,1.0,61
2022,1613,1.0,364
2022,1614,3.0,364
2022,1622,1.0,364
2022,1624,1.0,364
2022,1625,1.0,364
2022,1626,1.0,364
2022,1627,1.0,364
2022,1628,1.0,364
2022,1635,1.0,364
2022,1636,1.0,364
2022,1637,1.0,364
2022,1639,1.0,364
2022,1641,1.0,364
2022,1644,1.0,364
2022,1649,1.0,364
2022,1651,1.0,364
2022,1652,1.0,364
2022,1654,2.0,364
2022,1656,1.0,364
2022,1657,1.0,364
2022,1659,1.0,364
2022,1662,1.0,364
2022,1663,1.0,334
2022,1664,1.0,364
2022,1665,1.0,364
2022,1668,1.0,364
2022,1669,2.0,364
2022,1670,1.0,244
2022,1672,1.0,364
2022,1673,1.0,364
2022,1674,1.0,364
2022,1677,1.0,364
2022,1679,1.0,364
2022,1681,1.0,364
2022,1686,3.0,364
2022,1688,1.0,364
2022,1689,1.0,364
2022,1690,1.0,364
2022,1691,1.0,364
2022,1694,2.0,364
2022,1695,1.0,334
2022,1698,1.0,364
2022,1700,2.0,364
2022,1702,1.0,364
2022,1704,1.0,364
2022,1707,1.0,364
2022,1710,1.0,364
2022,1712,1.0,364
2022,1713,1.0,119
2022,1714,1.0,364
2022,1715,1.0,364
2022,1716,1.0,364
2022,1717,1.0,364
2022,1718,1.0,364
2022,1720,1.0,364
2022,1721,1.0,364
2022,1724,1.0,364
2022,1726,2.0,364
2022,1728,1.0,364
2022,1729,1.0,364
2022,1730,1.0,364
2022,1734,1.0,364
2022,1735,2.0,364
2022,1736,1.0,364
2022,1737,1.0,364
2022,1738,1.0,364
2022,1745,1.0,364
2022,1747,1.0,364
2022,1748,1.0,364
2022,1749,1.0,364
2022,1750,1.0,364
2022,1753,1.0,364
2022,1754,1.0,364
2022,1758,1.0,364
2022,1761,2.0,364
2022,1762,1.0,364
2022,1763,1.0,364
2022,1770,1.0,242
2022,1774,1.0,364
2022,1775,1.0,364
2022,1777,1.0,364
2022,1779,1.0,364
2022,1780,1.0,364
2022,1781,1.0,364
2022,1782,1.0,364
2022,1785,1.0,364
2022,1786,2.0,364
2022,1787,1.0,364
2022,1790,1.0,364
2022,1792,1.0,364
2022,1798,1.0,364
2022,1799,1.0,364
2022,1800,3.0,47
2022,1801,1.0,364
2022,1803,1.0,364
2022,1805,1.0,364
2022,1808,2.0,364
2022,1809,1.0,364
2022,1811,1.0,364
2022,1812,1.0,364
2022,1814,1.0,364
2022,1816,1.0,364
2022,1817,1.0,364
2022,1818,1.0,364
2022,1889,1.0,364
2022,1890,3.0,364
2022,1893,3.0,364
2022,1894,3.0,364
2022,1895,3.0,364
2022,1896,3.0,364
2022,1897,3.0,364
2022,1899,3.0,364
2022,1900,3.0,364
2022,1902,3.0,364
2022,1922,2.0,364
2022,1923,3.0,364
2022,2198,1.0,364
2022,2212,1.0,364
2022,2214,2.0,364
2022,2253,3.0,364
2022,2300,1.0,364
2022,2302,1.0,364
2022,2310,1.0,364
2022,2332,1.0,364
2022,2336,1.0,364
2022,2339,1.0,364
2022,2362,1.0,364
2022,2375,2.0,364
2022,2383,1.0,242
2022,2384,1.0,364
2022,2452,1.0,31
2022,2454,1.0,364
2022,2469,1.0,364
2022,2470,1.0,364
2022,2478,2.0,364
2022,2482,3.0,364
2022,2508,2.0,364
2022,2665,1.0,364
2022,2849,2.0,364
2022,2855,1.0,364
2022,2856,1.0,364
2022,2859,1.0,364
2022,286,1.0,364
2022,2860,1.0,364
2022,2861,1.0,364
2022,2863,1.0,364
2022,2870,1.0,364
2022,2875,1.0,364
2022,2895,3.0,364
2022,2990,1.0,364
2022,2993,1.0,364
2022,3001,1.0,364
2022,3039,1.0,364
2022,3049,3.0,364
2022,3143,1.0,364
2022,3144,1.0,364
2022,3145,1.0,364
2022,3147,1.0,364
2022,3152,1.0,364
2022,3161,1.0,364
2022,3162,1.0,364
2022,3210,1.0,364
2022,3211,1.0,364
2022,3297,1.0,364
2022,3308,2.0,364
2022,3314,1.0,364
2022,3316,2.0,364
2022,3331,1.0,364
2022,3332,1.0,364
2022,3391,1.0,364
2022,381,1.0,364
2022,43,1.0,364
2022,4584,1.0,122
2022,4592,1.0,61
2022,4593,1.0,61
2022,4718,1.0,364
2023,1611,1.0,365
2023,1613,1.0,365
2023,1614,3.0,365
2023,1622,1.0,365
2023,1624,1.0,365
2023,1625,1.0,365
2023,1626,1.0,365
2023,1627,1.0,365
2023,1628,1.0,365
2023,1635,1.0,365
2023,1636,1.0,222
2023,1637,1.0,365
2023,1639,1.0,365
2023,1641,1.0,365
2023,1644,1.0,365
2023,1649,1.0,365
2023,1651,1.0,365
2023,1652,1.0,365
2023,1654,2.0,365
2023,1656,1.0,365
2023,1657,1.0,365
2023,1659,1.0,365
2023,1662,1.0,365
2023,1663,1.0,365
2023,1664,1.0,365
2023,1665,1.0,365
2023,1668,1.0,365
2023,1669,2.0,365
2023,1672,1.0,365
2023,1673,1.0,365
2023,1674,1.0,365
2023,1677,1.0,334
2023,1679,1.0,365
2023,1681,1.0,365
2023,1686,3.0,365
2023,1688,1.0,365
2023,1689,1.0,304
2023,1690,1.0,365
2023,1691,1.0,365
2023,1694,2.0,365
2023,1695,1.0,334
2023,1698,1.0,365
2023,1700,2.0,365
2023,1702,1.0,365
2023,1704,1.0,365
2023,1707,1.0,365
2023,1710,1.0,365
2023,1712,1.0,365
2023,1714,1.0,335
2023,1715,1.0,365
2023,1716,1.0,365
2023,1717,1.0,365
2023,1718,1.0,365
2023,1720,1.0,365
2023,1721,1.0,365
2023,1724,1.0,365
2023,1726,2.0,365
2023,1728,1.0,365
2023,1729,1.0,365
2023,1730,1.0,121
2023,1734,1.0,365
2023,1735,2.0,365
2023,1736,1.0,365
2023,1737,1.0,365
2023,1738,1.0,365
2023,1745,1.0,365
2023,1747,1.0,365
2023,1748,1.0,365
2023,1749,1.0,365
2023,1750,1.0,365
2023,1753,1.0,365
2023,1754,1.0,365
2023,1758,1.0,365
2023,1761,2.0,365
2023,1762,1.0,365
2023,1763,1.0,365
2023,1774,1.0,365
2023,1775,1.0,365
2023,1777,1.0,365
2023,1779,1.0,334
2023,1780,1.0,365
2023,1781,1.0,365
2023,1782,1.0,365
2023,1785,1.0,365
2023,1786,2.0,365
2023,1787,1.0,365
2023,1790,1.0,365
2023,1792,1.0,365
2023,1798,1.0,365
2023,1799,1.0,365
2023,1801,1.0,365
2023,1803,1.0,365
2023,1805,1.0,365
2023,1808,2.0,334
2023,1809,1.0,365
2023,1811,1.0,365
2023,1812,1.0,365
2023,1814,1.0,365
2023,1816,1.0,365
2023,1817,1.0,365
2023,1818,1.0,334
2023,1889,1.0,365
2023,1890,3.0,365
2023,1893,3.0,365
2023,1894,3.0,365
2023,1895,3.0,365
2023,1896,3.0,365
2023,1897,3.0,365
2023,1899,3.0,365
2023,1900,3.0,365
2023,1902,3.0,365
2023,1922,2.0,365
2023,1923,3.0,365
2023,2198,1.0,365
2023,2212,1.0,365
2023,2214,2.0,365
2023,2253,3.0,365
2023,2300,1.0,365
2023,2302,1.0,365
2023,2310,1.0,365
2023,2332,1.0,365
2023,2336,1.0,365
2023,2339,1.0,365
2023,2362,1.0,365
2023,2375,2.0,365
2023,2384,1.0,365
2023,2454,1.0,365
2023,2469,1.0,365
2023,2470,1.0,365
2023,2478,2.0,365
2023,2482,3.0,365
2023,2508,2.0,365
2023,2665,1.0,365
2023,2849,2.0,365
2023,2855,1.0,365
2023,2856,1.0,365
2023,2859,1.0,365
2023,286,1.0,365
2023,2860,1.0,365
2023,2861,1.0,365
2023,2863,1.0,365
2023,2870,1.0,365
2023,2875,1.0,365
2023,2895,3.0,365
2023,2990,1.0,365
2023,2993,1.0,365
2023,3001,1.0,365
2023,3039,1.0,365
2023,3049,3.0,365
2023,3143,1.0,365
2023,3144,1.0,365
2023,3145,1.0,365
2023,3147,1.0,365
2023,3152,1.0,365
2023,3161,1.0,365
2023,3162,1.0,365
2023,3210,1.0,365
2023,3211,1.0,365
2023,3297,1.0,365
2023,3308,2.0,365
2023,3314,1.0,365
2023,3316,2.0,365
2023,3331,1.0,365
2023,3332,1.0,365
2023,3391,1.0,365
2023,381,1.0,365
2023,43,1.0,365
2023,4584,1.0,365
2023,4592,1.0,365
2023,4593,1.0,365
2023,4623,1.0,365
2023,4718,1.0,365
2023,4719,1.0,271
2023,4727,1.0,214
2023,4749,1.0,143
2024,1611,1.0,365
2024,1613,1.0,365
2024,1614,3.0,365
2024,1622,1.0,365
2024,1624,1.0,365
2024,1625,1.0,365
2024,1626,1.0,365
2024,1627,1.0,365
2024,1628,1.0,365
2024,1635,1.0,365
2024,1637,1.0,365
2024,1639,1.0,365
2024,1641,1.0,365
2024,1644,1.0,365
2024,1649,1.0,365
2024,1651,1.0,365
2024,1652,1.0,365
2024,1654,2.0,365
2024,1656,1.0,365
2024,1657,1.0,365
2024,1659,1.0,365
2024,1662,1.0,365
2024,1663,1.0,365
2024,1664,1.0,365
2024,1665,1.0,365
2024,1668,1.0,365
2024,1669,2.0,365
2024,1672,1.0,365
2024,1673,1.0,365
2024,1674,1.0,365
2024,1677,1.0,365
2024,1679,1.0,365
2024,1681,1.0,365
2024,1686,3.0,365
2024,1688,1.0,365
2024,1690,1.0,365
2024,1691,1.0,365
2024,1694,2.0,365
2024,1698,1.0,365
2024,1700,2.0,365
2024,1702,1.0,365
2024,1704,1.0,365
2024,1707,1.0,365
2024,1710,1.0,365
2024,1712,1.0,365
2024,1714,1.0,365
2024,1715,1.0,365
2024,1716,1.0,365
2024,1717,1.0,365
2024,1718,1.0,365
2024,1720,1.0,365
2024,1721,1.0,365
2024,1724,1.0,365
2024,1726,2.0,365
2024,1728,1.0,365
2024,1729,1.0,365
2024,1734,1.0,365
2024,1735,2.0,365
2024,1736,1.0,365
2024,1737,1.0,365
2024,1738,1.0,365
2024,1745,1.0,365
2024,1747,1.0,365
2024,1748,1.0,365
2024,1749,1.0,365
2024,1750,1.0,365
2024,1753,1.0,365
2024,1754,1.0,365
2024,1758,1.0,365
2024,1761,2.0,365
2024,1762,1.0,365
2024,1763,1.0,365
2024,1774,1.0,365
2024,1775,1.0,365
2024,1777,1.0,365
2024,1779,1.0,365
2024,1780,1.0,365
2024,1781,1.0,365
2024,1782,1.0,365
2024,1785,1.0,365
2024,1786,2.0,365
2024,1787,1.0,365
2024,1790,1.0,365
2024,1792,1.0,365
2024,1798,1.0,365
2024,1799,1.0,365
2024,1801,1.0,365
2024,1803,1.0,365
2024,1805,1.0,365
2024,1808,2.0,365
2024,1809,1.0,365
2024,1811,1.0,365
2024,1812,1.0,365
2024,1814,1.0,365
2024,1816,1.0,365
2024,1817,1.0,365
2024,1889,1.0,365
2024,1890,3.0,365
2024,1893,3.0,365
2024,1894,3.0,365
2024,1895,3.0,365
2024,1896,3.0,365
2024,1897,3.0,365
2024,1899,3.0,365
2024,1900,3.0,365
2024,1902,3.0,365
2024,1922,2.0,365
2024,1923,3.0,365
2024,2198,1.0,365
2024,2212,1.0,365
2024,2214,2.0,365
2024,2253,3.0,365
2024,2300,1.0,365
2024,2302,1.0,365
2024,2310,1.0,365
2024,2332,1.0,365
2024,2336,1.0,365
2024,2339,1.0,365
2024,2362,1.0,273
2024,2375,2.0,365
2024,2384,1.0,365
2024,2454,1.0,365
2024,2469,1.0,365
2024,2470,1.0,365
2024,2478,2.0,365
2024,2482,3.0,365
2024,2508,2.0,365
2024,2665,1.0,365
2024,2849,2.0,365
2024,2855,1.0,365
2024,2856,1.0,365
2024,2859,1.0,365
2024,286,1.0,365
2024,2861,1.0,365
2024,2863,1.0,365
2024,2870,1.0,365
2024,2875,1.0,365
2024,2895,3.0,365
2024,2990,1.0,365
2024,2993,1.0,365
2024,3001,1.0,365
2024,3039,1.0,365
2024,3049,3.0,365
2024,3143,1.0,365
2024,3144,1.0,365
2024,3145,1.0,365
2024,3147,1.0,365
2024,3152,1.0,365
2024,3161,1.0,365
2024,3162,1.0,365
2024,3210,1.0,365
2024,3211,1.0,365
2024,3297,1.0,365
2024,3308,2.0,365
2024,3314,1.0,365
2024,3316,2.0,365
2024,3331,1.0,365
2024,3332,1.0,365
2024,3391,1.0,365
2024,381,1.0,365
2024,43,1.0,365
2024,4584,1.0,365
2024,4592,1.0,365
2024,4593,1.0,365
2024,4623,1.0,365
2024,4718,1.0,365
2024,4719,1.0,365
2024,4727,1.0,365
2024,4749,1.0,365
2024,4759,1.0,365
2024,4760,1.0,365
2024,4762,1.0,334
2024,4763,1.0,365
2025,1611,1.0,365
2025,1613,1.0,365
2025,1614,3.0,365
2025,1622,1.0,365
2025,1624,1.0,365
2025,1625,1.0,365
2025,1626,1.0,365
2025,1627,1.0,365
2025,1628,1.0,365
2025,1635,1.0,365
2025,1637,1.0,365
2025,1639,1.0,365
2025,1641,1.0,365
2025,1644,1.0,365
2025,1649,1.0,365
2025,1651,1.0,365
2025,1652,1.0,365
2025,1654,2.0,365
2025,1656,1.0,365
2025,1657,1.0,365
2025,1659,1.0,365
2025,1662,1.0,365
2025,1663,1.0,365
2025,1664,1.0,365
2025,1665,1.0,365
2025,1668,1.0,365
2025,1669,2.0,365
2025,1672,1.0,365
2025,1673,1.0,365
2025,1674,1.0,365
2025,1677,1.0,365
2025,1679,1.0,365
2025,1681,1.0,365
2025,1686,3.0,365
2025,1688,1.0,365
2025,1690,1.0,365
2025,1691,1.0,365
2025,1694,2.0,365
2025,1698,1.0,365
2025,1700,2.0,364
2025,1702,1.0,365
2025,1704,1.0,365
2025,1707,1.0,365
2025,1710,1.0,365
2025,1712,1.0,365
2025,1714,1.0,365
2025,1715,1.0,365
2025,1716,1.0,365
2025,1717,1.0,365
2025,1718,1.0,365
2025,1720,1.0,365
2025,1721,1.0,365
2025,1724,1.0,365
2025,1726,2.0,365
2025,1728,1.0,365
2025,1729,1.0,365
2025,1734,1.0,365
2025,1735,2.0,365
2025,1736,1.0,365
2025,1737,1.0,365
2025,1738,1.0,365
2025,1745,1.0,365
2025,1747,1.0,365
2025,1748,1.0,365
2025,1749,1.0,365
2025,1750,1.0,365
2025,1753,1.0,365
2025,1754,1.0,365
2025,1758,1.0,365
2025,1761,2.0,365
2025,1762,1.0,212
2025,1763,1.0,365
2025,1774,1.0,365
2025,1775,1.0,365
2025,1777,1.0,344
2025,1779,1.0,365
2025,1780,1.0,365
2025,1781,1.0,365
2025,1782,1.0,365
2025,1785,1.0,365
2025,1786,2.0,365
2025,1787,1.0,365
2025,1790,1.0,365
2025,1792,1.0,243
2025,1798,1.0,365
2025,1799,1.0,365
2025,1801,1.0,365
2025,1803,1.0,365
2025,1805,1.0,365
2025,1808,2.0,365
2025,1809,1.0,365
2025,1811,1.0,365
2025,1812,1.0,364
2025,1814,1.0,365
2025,1816,1.0,365
2025,1817,1.0,365
2025,1889,1.0,334
2025,1890,3.0,365
2025,1893,3.0,365
2025,1894,3.0,365
2025,1895,3.0,365
2025,1896,3.0,365
2025,1897,3.0,365
2025,1899,3.0,365
2025,1900,3.0,365
2025,1902,3.0,365
2025,1922,2.0,365
2025,1923,3.0,365
2025,2198,1.0,306
2025,2212,1.0,365
2025,2214,2.0,365
2025,2253,3.0,365
2025,2300,1.0,365
2025,2302,1.0,365
2025,2310,1.0,365
2025,2332,1.0,365
2025,2336,1.0,365
2025,2339,1.0,365
2025,2375,2.0,365
2025,2384,1.0,365
2025,2454,1.0,90
2025,2469,1.0,365
2025,2470,1.0,365
2025,2478,2.0,365
2025,2482,3.0,365
2025,2508,2.0,365
2025,2665,1.0,365
2025,2849,2.0,365
2025,2855,1.0,365
2025,2856,1.0,365
2025,2859,1.0,365
2025,286,1.0,365
2025,2861,1.0,365
2025,2863,1.0,365
2025,2870,1.0,365
2025,2875,1.0,365
2025,2895,3.0,365
2025,2990,1.0,365
2025,2993,1.0,365
2025,3001,1.0,365
2025,3039,1.0,365
2025,3049,3.0,365
2025,3143,1.0,365
2025,3144,1.0,365
2025,3145,1.0,365
2025,3147,1.0,365
2025,3152,1.0,365
2025,3161,1.0,365
2025,3162,1.0,365
2025,3210,1.0,365
2025,3211,1.0,365
2025,3297,1.0,70
2025,3308,2.0,365
2025,3314,1.0,365
2025,3316,2.0,365
2025,3331,1.0,365
2025,3332,1.0,365
2025,3391,1.0,365
2025,381,1.0,365
2025,43,1.0,365
2025,4584,1.0,365
2025,4592,1.0,365
2025,4593,1.0,365
2025,4623,1.0,365
2025,4718,1.0,365
2025,4719,1.0,243
2025,4727,1.0,365
2025,4749,1.0,365
2025,4759,1.0,365
2025,4760,1.0,365
2025,4762,1.0,365
2025,4763,1.0,334
2026,1611,1.0,59
2026,1613,1.0,59
2026,1614,3.0,79
2026,1622,1.0,59
2026,1624,1.0,59
2026,1625,1.0,59
2026,1626,1.0,59
2026,1627,1.0,59
2026,1628,1.0,59
2026,1635,1.0,59
2026,1637,1.0,59
2026,1639,1.0,59
2026,1641,1.0,59
2026,1644,1.0,59
2026,1649,1.0,59
2026,1651,1.0,59
2026,1652,1.0,59
2026,1654,2.0,59
2026,1656,1.0,59
2026,1657,1.0,59
2026,1659,1.0,59
2026,1662,1.0,59
2026,1663,1.0,59
2026,1664,1.0,59
2026,1665,1.0,59
2026,1668,1.0,59
2026,1669,2.0,79
2026,1672,1.0,59
2026,1673,1.0,59
2026,1674,1.0,59
2026,1677,1.0,59
2026,1679,1.0,59
2026,1681,1.0,59
2026,1686,3.0,79
2026,1688,1.0,59
2026,1690,1.0,59
2026,1691,1.0,59
2026,1694,2.0,79
2026,1698,1.0,59
2026,1700,2.0,59
2026,1702,1.0,59
2026,1704,1.0,59
2026,1707,1.0,59
2026,1710,1.0,59
2026,1712,1.0,59
2026,1714,1.0,31
2026,1715,1.0,59
2026,1716,1.0,59
2026,1717,1.0,59
2026,1718,1.0,59
2026,1720,1.0,59
2026,1721,1.0,59
2026,1724,1.0,59
2026,1726,2.0,59
2026,1729,1.0,59
2026,1734,1.0,59
2026,1735,2.0,59
2026,1736,1.0,59
2026,1737,1.0,59
2026,1738,1.0,59
2026,1745,1.0,59
2026,1747,1.0,59
2026,1748,1.0,59
2026,1749,1.0,59
2026,1750,1.0,59
2026,1753,1.0,59
2026,1754,1.0,59
2026,1758,1.0,59
2026,1761,2.0,79
2026,1763,1.0,31
2026,1774,1.0,59
2026,1775,1.0,59
2026,1779,1.0,59
2026,1780,1.0,59
2026,1781,1.0,59
2026,1782,1.0,59
2026,1785,1.0,59
2026,1786,2.0,59
2026,1787,1.0,59
2026,1790,1.0,59
2026,1798,1.0,59
2026,1799,1.0,59
2026,1801,1.0,59
2026,1803,1.0,59
2026,1805,1.0,31
2026,1808,2.0,59
2026,1809,1.0,59
2026,1811,1.0,59
2026,1812,1.0,59
2026,1814,1.0,59
2026,1816,1.0,59
2026,1817,1.0,59
2026,1889,1.0,59
2026,1890,3.0,79
2026,1893,3.0,79
2026,1894,3.0,79
2026,1895,3.0,79
2026,1896,3.0,79
2026,1897,3.0,79
2026,1899,3.0,79
2026,1900,3.0,79
2026,1902,3.0,79
2026,1922,2.0,59
2026,1923,3.0,79
2026,2198,1.0,59
2026,2212,1.0,59
2026,2214,2.0,59
2026,2253,3.0,79
2026,2300,1.0,59
2026,2302,1.0,59
2026,2310,1.0,59
2026,2332,1.0,59
2026,2336,1.0,59
2026,2339,1.0,59
2026,2375,2.0,79
2026,2384,1.0,59
2026,2469,1.0,59
2026,2470,1.0,59
2026,2478,2.0,59
2026,2482,3.0,79
2026,2508,2.0,59
2026,2665,1.0,59
2026,2849,2.0,59
2026,2855,1.0,59
2026,2856,1.0,59
2026,2859,1.0,59
2026,286,1.0,59
2026,2861,1.0,59
2026,2863,1.0,59
2026,2870,1.0,59
2026,2875,1.0,59
2026,2895,3.0,79
2026,2990,1.0,59
2026,2993,1.0,59
2026,3001,1.0,59
2026,3039,1.0,59
2026,3049,3.0,78
2026,3143,1.0,59
2026,3144,1.0,59
2026,3145,1.0,59
2026,3147,1.0,59
2026,3152,1.0,59
2026,3161,1.0,31
2026,3162,1.0,59
2026,3210,1.0,59
2026,3211,1.0,59
2026,3308,2.0,59
2026,3314,1.0,59
2026,3316,2.0,59
2026,3331,1.0,59
2026,3332,1.0,59
2026,3391,1.0,59
2026,381,1.0,59
2026,43,1.0,59
2026,4584,1.0,59
2026,4592,1.0,59
2026,4593,1.0,59
2026,4623,1.0,59
2026,4718,1.0,59
2026,4727,1.0,59
2026,4749,1.0,59
2026,4759,1.0,59
2026,4760,1.0,59
2026,4762,1.0,59
2026,4763,1.0,59
